
> slack-facebook-integration@0.0.1 start:dev
> nest start --watch

[2J[3J[H[[90m9:09:54 PM[0m] Starting compilation in watch mode...

[[90m9:09:58 PM[0m] Found 0 errors. Watching for file changes.

[21:10:03.890] INFO (42792): Starting Nest application... {"context":"NestFactory"}
[21:10:03.891] INFO (42792): MongooseModule dependencies initialized {"context":"InstanceLoader"}
[21:10:03.891] INFO (42792): ConfigHostModule dependencies initialized {"context":"InstanceLoader"}
[21:10:03.891] INFO (42792): AppModule dependencies initialized {"context":"InstanceLoader"}
[21:10:03.891] INFO (42792): ConfigModule dependencies initialized {"context":"InstanceLoader"}
[21:10:03.891] INFO (42792): ConfigModule dependencies initialized {"context":"InstanceLoader"}
[21:10:03.891] INFO (42792): LoggerModule dependencies initialized {"context":"InstanceLoader"}
[21:10:03.891] INFO (42792): ClientsModule dependencies initialized {"context":"InstanceLoader"}
[21:10:03.891] INFO (42792): SlackModule dependencies initialized {"context":"InstanceLoader"}
[21:10:03.891] INFO (42792): FacebookModule dependencies initialized {"context":"InstanceLoader"}
[21:10:03.891] INFO (42792): MongooseCoreModule dependencies initialized {"context":"InstanceLoader"}
[21:10:03.891] INFO (42792): MongooseModule dependencies initialized {"context":"InstanceLoader"}
[21:10:03.891] INFO (42792): WorkerModule dependencies initialized {"context":"InstanceLoader"}
[21:10:03.892] WARN (42792): WARN [undefined] KafkaJS v2.0.0 switched default partitioner. To retain the same partitioning behavior as in previous versions, create the producer with the option "createPartitioner: Partitioners.LegacyPartitioner". See the migration guide at https://kafka.js.org/docs/migration-guide-v2.0.0#producer-new-default-partitioner for details. Silence this warning by setting the environment variable "KAFKAJS_NO_PARTITIONER_WARNING=1" {"timestamp":"2025-12-14T15:39:59.625Z","logger":"kafkajs"} {"context":"ServerKafka"}
[21:10:03.892] ERROR (42792): ERROR [Connection] Response Metadata(key: 3, version: 6) {"timestamp":"2025-12-14T15:39:59.736Z","logger":"kafkajs","broker":"127.0.0.1:9093","clientId":"nestjs-consumer-server","error":"There is no leader for this topic-partition as we are in the middle of a leadership election","correlationId":1,"size":85} {"context":"ServerKafka"}
[21:10:03.892] INFO (42792): INFO [Consumer] Starting {"timestamp":"2025-12-14T15:39:59.989Z","logger":"kafkajs","groupId":"facebook-consumer-group-server"} {"context":"ServerKafka"}
[21:10:03.892] ERROR (42792): ERROR [Connection] Response GroupCoordinator(key: 10, version: 2) {"timestamp":"2025-12-14T15:40:00.016Z","logger":"kafkajs","broker":"127.0.0.1:9093","clientId":"nestjs-consumer-server","error":"The group coordinator is not available","correlationId":3,"size":55} {"context":"ServerKafka"}
[21:10:03.892] ERROR (42792): ERROR [Connection] Response GroupCoordinator(key: 10, version: 2) {"timestamp":"2025-12-14T15:40:00.267Z","logger":"kafkajs","broker":"127.0.0.1:9093","clientId":"nestjs-consumer-server","error":"The group coordinator is not available","correlationId":4,"size":55} {"context":"ServerKafka"}
[21:10:03.892] INFO (42792): INFO [ConsumerGroup] Consumer has joined the group {"timestamp":"2025-12-14T15:40:03.888Z","logger":"kafkajs","groupId":"facebook-consumer-group-server","memberId":"nestjs-consumer-server-c7b2d00f-db2d-45a7-a2c1-e664e60e821f","leaderId":"nestjs-consumer-server-c7b2d00f-db2d-45a7-a2c1-e664e60e821f","isLeader":true,"memberAssignment":{"fb-messages":[0]},"groupProtocol":"RoundRobinAssigner","duration":3897} {"context":"ServerKafka"}
[21:10:03.893] INFO (42792): Nest microservice successfully started {"context":"NestMicroservice"}
[21:10:03.912] INFO (42792): AppController {/}: {"context":"RoutesResolver"}
[21:10:03.915] INFO (42792): Mapped {/, GET} route {"context":"RouterExplorer"}
[21:10:03.915] INFO (42792): FacebookController {/webhook}: {"context":"RoutesResolver"}
[21:10:03.916] INFO (42792): Mapped {/webhook, GET} route {"context":"RouterExplorer"}
[21:10:03.916] INFO (42792): Mapped {/webhook, POST} route {"context":"RouterExplorer"}
[21:10:03.916] INFO (42792): WorkerController {/}: {"context":"RoutesResolver"}
[[2J[3J[H[[90m9:17:04 PM[0m] File change detected. Starting incremental compilation..[[[90m9:17:05 PM[0m] Found 0 errors. Watching for file changes.
[2J[3J[H[[90m9:17:07 PM[0m] File change detected. Starting incremental compilation...
[[[[90m9:17:10 PM[0m] Found 0 errors. Watching for file changes[2[2J[3J[H[[90m9:17:27 PM[0m] File change detected. Starting incremental compilation..[96msrc/facebook/facebook.service.ts[0m:[93m45[0m:[93m1[0m - [91merror[0m[90m TS1232: [0mAn import declaration can only be used at the top level of a namespace or module.

[7m45[0m import { FacebookMessagePayload } from '../common/types';
[7m  [0m [91m~~~~~~[0m

[96msrc/facebook/facebook.service.ts[0m:[93m45[0m:[93m40[0m - [91merror[0m[90m TS2307: [0mCannot find module '../common/types' or its corresponding type declarations.

[7m45[0m import { FacebookMessagePayload } from '../common/types';
[7m  [0m [91m                                       ~~~~~~~~~~~~~~~~~[0m

[[90m9:17:28 PM[0m] Found 2 errors. Watching for file changes.
[2J[3J[H[[90m9:17:30 PM[0m] File change detected. Starting incremental compilation...
[96msrc/worker/worker.service.ts[0m:[93m16[0m:[93m1[0m - [91merror[0m[90m TS1068: [0mUnexpected token. A constructor, method, accessor, or property was expected.

[7m16[0m import { MessageStatus, MessageSource, FacebookMessagePayload } from '../common/types';
[7m  [0m [91m~~~~~~[0m

[96msrc/worker/worker.service.ts[0m:[93m20[0m:[93m3[0m - [91merror[0m[90m TS1434: [0mUnexpected keyword or identifier.

[7m20[0m   async handleFacebookMessage(payload: FacebookMessagePayload) {
[7m  [0m [91m  ~~~~~[0m

[96msrc/worker/worker.service.ts[0m:[93m20[0m:[93m38[0m - [91merror[0m[90m TS1005: [0m',' expected.

[7m20[0m   async handleFacebookMessage(payload: FacebookMessagePayload) {
[7m  [0m [91m                                     ~[0m

[96msrc/worker/worker.service.ts[0m:[93m20[0m:[93m64[0m - [91merror[0m[90m TS1005: [0m';' expected.

[7m20[0m   async handleFacebookMessage(payload: FacebookMessagePayload) {
[7m  [0m [91m                                                               ~[0m

[96msrc/worker/worker.service.ts[0m:[93m55[0m:[93m1[0m - [91merror[0m[90m TS1128: [0mDeclaration or statement expected.

[7m55[0m }
[7m  [0m [91m~[0m

[[90m9:17:31 PM[0m] Found 5 errors. Watching for file changes.

[21[21:17:31.148] INFO (45894): Starting Nest application... {"context":"NestFactory"}
[21:17:31.150] INFO (45894): MongooseModule dependencies initialized {"context":"InstanceLoader"}
[21:17:31.150] INFO (45894): ConfigHostModule dependencies initialized {"context":"InstanceLoader"}
[21:17:31.150] INFO (45894): AppModule dependencies initialized {"context":"InstanceLoader"}
[21:17:31.150] INFO (45894): ConfigModule dependencies initialized {"context":"InstanceLoader"}
[21:17:31.150] INFO (45894): ConfigModule dependencies initialized {"context":"InstanceLoader"}
[21:17:31.150] INFO (45894): LoggerModule dependencies initialized {"context":"InstanceLoader"}
[21:17:31.150] INFO (45894): ClientsModule dependencies initialized {"context":"InstanceLoader"}
[21:17:31.150] INFO (45894): SlackModule dependencies initialized {"context":"InstanceLoader"}
[21:17:31.150] INFO (45894): FacebookModule dependencies initialized {"context":"InstanceLoader"}
[21:17:31.150] INFO (45894): MongooseCoreModule dependencies initialized {"context":"InstanceLoader"}
[21:17:31.150] INFO (45894): MongooseModule dependencies initialized {"context":"InstanceLoader"}
[21:17:31.150] INFO (45894): WorkerModule dependencies initialized {"context":"InstanceLoader"}
[21:17:31.154] WARN (45894): WARN [undefined] KafkaJS v2.0.0 switched default partitioner. To retain the same partitioning behavior as in previous versions, create the producer with the option "createPartitioner: Partitioners.LegacyPartitioner". See the migration guide at https://kafka.js.org/docs/migration-guide-v2.0.0#producer-new-default-partitioner for details. Silence this warning by setting the environment variable "KAFKAJS_NO_PARTITIONER_WARNING=1" {"timestamp":"2025-12-14T15:47:13.064Z","logger":"kafkajs"} {"context":"ServerKafka"}
[21:17:31.155] INFO (45894): INFO [Consumer] Starting {"timestamp":"2025-12-14T15:47:13.102Z","logger":"kafkajs","groupId":"facebook-consumer-group-server"} {"context":"ServerKafka"}
[21:17:31.156] INFO (45894): INFO [ConsumerGroup] Consumer has joined the group {"timestamp":"2025-12-14T15:47:31.137Z","logger":"kafkajs","groupId":"facebook-consumer-group-server","memberId":"nestjs-consumer-server-8d0c400b-c2bc-4ae6-bfd4-9fe61c19f431","leaderId":"nestjs-consumer-server-d4eb99c8-ad89-4cda-b86a-e0055f71eb7c","isLeader":false,"memberAssignment":{},"groupProtocol":"RoundRobinAssigner","duration":18033} {"context":"ServerKafka"}
[21:17:31.156] INFO (45894): Nest microservice successfully started {"context":"NestMicroservice"}
[21:17:31.219] INFO (45894): AppController {/}: {"context":"RoutesResolver"}
[21:17:31.224] INFO (45894): Mapped {/, GET} route {"context":"RouterExplorer"}
[21:17:31.230] INFO (45894): FacebookController {/webhook}: {"context":"RoutesResolver"}
[21:17:31.235] INFO (45894): Mapped {/webhook, GET} route {"context":"RouterExplorer"}
[21:17:31.236] INFO (45894): Mapped {/webhook, POST} route {"context":"RouterExplorer"}
[21:17:31.239] INFO (45894): WorkerController {/}: {"context":"RoutesResolver"}
[21:17:31.254] INFO (45894): Nest application successfully started {"context":"NestApplication"}
[21:17:31.311] ERROR (45894): Error: listen EADDRINUSE: address already in use :::3000 {"context":"NestApplication"}
node:internal/errors:496
    ErrorCaptureStackTrace(err);
    ^

Error: listen EADDRINUSE: address already in use :::3000
    at __node_internal_captureLargerStackTrace (node:internal/errors:496:5)
    at __node_internal_uvExceptionWithHostPort (node:internal/errors:593:12)
    at Server.setupListenHandle [as _listen2] (node:net:1811:16)
    at listenInCluster (node:net:1859:12)
    at Server.listen (node:net:1947:7)
    at ExpressAdapter.listen (/media/deepak/Data1/work/slack-facebook-integration/node_modules/@nestjs/platform-express/adapters/express-adapter.js:127:32)
    at /media/deepak/Data1/work/slack-facebook-integration/node_modules/@nestjs/core/nest-application.js:188:30
    at new Promise (<anonymous>)
    at NestApplication.listen (/media/deepak/Data1/work/slack-facebook-integration/node_modules/@nestjs/core/nest-application.js:178:16)
    at process.processTicksAndRejections (node:internal/process/task_queues:95:5)
    at bootstrap (/media/deepak/Data1/work/slack-facebook-integration/src/main.ts:25:3) {
  code: 'EADDRINUSE',
  errno: -98,
  syscall: 'listen',
  address: '::',
  port: 3000
}

Node.js v18.19[2[2J[3J[H[[90m9:17:56 PM[0m] File change detected. Starting incremental compilation..[9[96msrc/worker/worker.service.ts[0m:[93m16[0m:[93m1[0m - [91merror[0m[90m TS1068: [0mUnexpected token. A constructor, method, accessor, or property was expected.

[7m16[0m import { MessageStatus, MessageSource, FacebookMessagePayload } from '../common/types';
[7m  [0m [91m~~~~~~[0m

[96msrc/worker/worker.service.ts[0m:[93m20[0m:[93m3[0m - [91merror[0m[90m TS1434: [0mUnexpected keyword or identifier.

[7m20[0m   async handleFacebookMessage(payload: FacebookMessagePayload) {
[7m  [0m [91m  ~~~~~[0m

[96msrc/worker/worker.service.ts[0m:[93m20[0m:[93m38[0m - [91merror[0m[90m TS1005: [0m',' expected.

[7m20[0m   async handleFacebookMessage(payload: FacebookMessagePayload) {
[7m  [0m [91m                                     ~[0m

[96msrc/worker/worker.service.ts[0m:[93m20[0m:[93m64[0m - [91merror[0m[90m TS1005: [0m';' expected.

[7m20[0m   async handleFacebookMessage(payload: FacebookMessagePayload) {
[7m  [0m [91m                                                               ~[0m

[96msrc/worker/worker.service.ts[0m:[93m55[0m:[93m1[0m - [91merror[0m[90m TS1128: [0mDeclaration or statement expected.

[7m55[0m }
[7m  [0m [91m~[0m

[[90m9:17:57 PM[0m] Found 5 errors. Watching for file changes[2J[3J[H[[90m9:17:59 PM[0m] File change detected. Starting incremental compilation...

[[90m9:18:00 PM[0m] Found 0 errors. Watching for file changes.

[2J[3J[H[[90m9:18:21 PM[0m] File change detected. Starting incremental compilation...

[[90m9:18:21 PM[0m] Found 0 errors. Watching for file changes.

[2[2J[3J[H[[90m9:18:32 PM[0m] File change detected. Starting incremental compilation..[96msrc/app.module.ts[0m:[93m49[0m:[93m17[0m - [91merror[0m[90m TS2304: [0mCannot find name 'AppController'.

[7m49[0m   controllers: [AppController],
[7m  [0m [91m                ~~~~~~~~~~~~~[0m

[96msrc/app.module.ts[0m:[93m50[0m:[93m15[0m - [91merror[0m[90m TS2304: [0mCannot find name 'AppService'.

[7m50[0m   providers: [AppService],
[7m  [0m [91m              ~~~~~~~~~~[0m

[[90m9:18:34 PM[0m] Found 2 errors. Watching for file changes.

[2[2J[3J[H[[90m9:18:35 PM[0m] File change detected. Starting incremental compilation..[96msrc/app.module.ts[0m:[93m49[0m:[93m17[0m - [91merror[0m[90m TS2304: [0mCannot find name 'AppController'.

[7m49[0m   controllers: [AppController],
[7m  [0m [91m                ~~~~~~~~~~~~~[0m

[96msrc/app.module.ts[0m:[93m50[0m:[93m15[0m - [91merror[0m[90m TS2304: [0mCannot find name 'AppService'.

[7m50[0m   providers: [AppService],
[7m  [0m [91m              ~~~~~~~~~~[0m

[[90m9:18:36 PM[0m] Found 2 errors. Watching for file changes.

[2[2J[3J[H[[9[2J[3J[H[[90m9:18:51 PM[0m] File change detected. Starting incrementa[9[96msrc/app.module.ts[0m:[93m49[0m:[93m17[0m - [91merror[0m[90m TS2304: [0mCannot find name 'AppController'.

[7m49[0m   controllers: [AppController],
[7m  [0m [91m                ~~~~~~~~~~~~~[0m

[96msrc/app.module.ts[0m:[93m50[0m:[93m15[0m - [91merror[0m[90m TS2304: [0mCannot find name 'AppService'.

[7m50[0m   providers: [AppService],
[7m  [0m [91m              ~~~~~~~~~~[0m

[[90m9:18:53 PM[0m] Found 2 errors. Watching for file changes[21:18:56.541] INF[21:18:56.539] INFO (46905): Starting Nest application... {"context":"NestFactory"}
[21:18:56.540] INFO (46905): MongooseModule dependencies initialized {"context":"InstanceLoader"}
[21:18:56.540] INFO (46905): ConfigHostModule dependencies initialized {"context":"InstanceLoader"}
[21:18:56.540] INFO (46905): AppModule dependencies initialized {"context":"InstanceLoader"}
[21:18:56.540] INFO (46905): ConfigModule dependencies initialized {"context":"InstanceLoader"}
[21:18:56.540] INFO (46905): ConfigModule dependencies initialized {"context":"InstanceLoader"}
[21:18:56.540] INFO (46905): LoggerModule dependencies initialized {"context":"InstanceLoader"}
[21:18:56.540] INFO (46905): ClientsModule dependencies initialized {"context":"InstanceLoader"}
[21:18:56.540] INFO (46905): SlackModule dependencies initialized {"context":"InstanceLoader"}
[21:18:56.541] INFO (46905): FacebookModule dependencies initialized {"context":"InstanceLoader"}
[21:18:56.541] INFO (46905): MongooseCoreModule dependencies initialized {"context":"InstanceLoader"}
[21:18:56.541] INFO (46905): MongooseModule dependencies initialized {"context":"InstanceLoader"}
[21:18:56.541] INFO (46905): WorkerModule dependencies initialized {"context":"InstanceLoader"}
[21:18:56.541] WARN (46905): WARN [undefined] KafkaJS v2.0.0 switched default partitioner. To retain the same partitioning behavior as in previous versions, create the producer with the option "createPartitioner: Partitioners.LegacyPartitioner". See the migration guide at https://kafka.js.org/docs/migration-guide-v2.0.0#producer-new-default-partitioner for details. Silence this warning by setting the environment variable "KAFKAJS_NO_PARTITIONER_WARNING=1" {"timestamp":"2025-12-14T15:48:24.915Z","logger":"kafkajs"} {"context":"ServerKafka"}
[21:18:56.541] INFO (46905): INFO [Consumer] Starting {"timestamp":"2025-12-14T15:48:24.955Z","logger":"kafkajs","groupId":"facebook-consumer-group-server"} {"context":"ServerKafka"}
[21:18:56.541] ERROR (46905): ERROR [Connection] Response SyncGroup(key: 14, version: 3) {"timestamp":"2025-12-14T15:48:56.192Z","logger":"kafkajs","broker":"127.0.0.1:9093","clientId":"nestjs-consumer-server","error":"The group is rebalancing, so a rejoin is needed","correlationId":5,"size":14} {"context":"ServerKafka"}
[21:18:56.542] INFO (46905): INFO [ConsumerGroup] Consumer has joined the group {"timestamp":"2025-12-14T15:48:56.537Z","logger":"kafkajs","groupId":"facebook-consumer-group-server","memberId":"nestjs-consumer-server-4cfe186b-880b-4bee-a729-7b9fc08c43cb","leaderId":"nestjs-consumer-server-f3e4de3b-de9a-4e41-83bd-0a111b38cf24","isLeader":false,"memberAssignment":{},"groupProtocol":"RoundRobinAssigner","duration":31581} {"context":"ServerKafka"}
[21:18:56.542] INFO (46905): Nest microservice successfully started {"context":"NestMicroservice"}
[21:18:56.559] INFO (46905): AppController {/}: {"context":"RoutesResolver"}
[21:18:56.565] INFO (46905): Mapped {/, GET} route {"context":"RouterExplorer"}
[21:18:56.565] INFO (46905): FacebookController {/webhook}: {"context":"RoutesResolver"}
[21:18:56.566] INFO (46905): Mapped {/webhook, GET} route {"context":"RouterExplorer"}
[21:18:56.567] INFO (46905): Mapped {/webhook, POST} route {"context":"RouterExplorer"}
[21:18:56.567] INFO (46905): WorkerController {/}: {"context":"RoutesResolver"}
[21:18:56.574] INFO (46905): Nest application successfully started {"context":"NestApplication"}
[21:18:59.222] INFO (46905): request completed {"req":{"id":"0c419161-fa34-4963-a1d8-11dd308002c1","method":"GET","url":"/webhook?hub.mode=subscribe&hub.challenge=1916212056&hub.verify_token=my-secret-facebook-token-123453287419784","query":{"hub.mode":"subscribe","hub.challenge":"1916212056","hub.verify_token":"my-secret-facebook-token-123453287419784"},"params":{"path":["webhook"]},"headers":{"host":"87d85823ad65.ngrok-free.app","user-agent":"facebookplatform/1.0 (+http://developers.facebook.com)","accept":"*/*","accept-encoding":"deflate, gzip","x-forwarded-for":"2a03:2880:13ff:1::","x-forwarded-host":"87d85823ad65.ngrok-free.app","x-forwarded-proto":"https"},"remoteAddress":"::ffff:127.0.0.1","remotePort":34954},"res":{"statusCode":403,"headers":{"x-powered-by":"Express","content-type":"application/json; charset=utf-8","content-length":"40","etag":"W/\"28-U8jz4ag/pp9XnJ7D8ZTSv5nAl68\""}},"responseTime":10}
[2J[3J[H[[90m9:19:10 PM[0m] File change detected. Starting incremental compilation...

[[90m9:19:10 PM[0m] Found 0 errors. Watching for file changes.

[2J[3J[H[[90m9:19:13 PM[0m] File change detected. Starting incremental compilation...

[[90m9:19:15 PM[0m] Found 0 errors. Watching for file changes.

[21:20:06.957] INFO (47965): Starting Nest application... {"context":"NestFactory"}
[21:20:06.958] INFO (47965): AppModule dependencies initialized {"context":"InstanceLoader"}
[21:20:06.958] INFO (47965): MongooseModule dependencies initialized {"context":"InstanceLoader"}
[21:20:06.958] INFO (47965): ConfigHostModule dependencies initialized {"context":"InstanceLoader"}
[21:20:06.958] INFO (47965): ConfigModu[21:20:06.958] INFO (47933): AppModule dependencies initialized {"context":"InstanceLoader"}
[21:20:06.958] INFO (47933): MongooseModule dependencies initialized {"context":"InstanceLoader"}
[21:20:06.958] INFO (47933): ConfigHostModule dependencies initialized {"context":"InstanceLoader"}
[21:20:06.958] INFO (47933): ConfigModule dependencies initialized {"context":"InstanceLoader"}
[21:20:06.958] INFO (47933): ConfigModule dependencies initialized {"context":"I[21:20:06.950] INFO (48014): Starting Nest application... {"context":"NestFactory"}
[21:20:06.952] INFO (48014): AppModule dependencies initialized {"context":"InstanceLoader"}
[21:20:06.952] INFO (48014): MongooseModule dependencies initialized {"context":"InstanceLoader"}
[21:20:06.952] INFO (48014): ConfigHostModule dependencies initialized {"context":"InstanceLoader"}
[21:20:06.952] INFO (48014): ConfigModule dependencies initialized {"context":"InstanceLoader"}
[21:20:06.952] INFO (48014): ConfigModule dependencies initialized {"context":"InstanceLoader"}
[21:20:06.952] INFO (48014): LoggerModule dependencies initialized {"context":"InstanceLoader"}
[21:20:06.952] INFO (48014): ClientsModule dependencies initialized {"context":"InstanceLoader"}
[21:20:06.952] INFO (48014): SlackModule dependencies initialized {"context":"InstanceLoader"}
[21:20:06.952] INFO (48014): FacebookModule dependencies initialized {"context":"InstanceLoader"}
[21:20:06.952] INFO (48014): MongooseCoreModule dependencies initialized {"context":"InstanceLoader"}
[21:20:06.952] INFO (48014): M[21:20:06.953] INFO (48015): AppModule dependencies initialized {"context":"InstanceLoader"}
[21:20:06.953] INFO (48015): MongooseModule dependencies initialized {"context":"InstanceLoader"}
[21:20:06.953] INFO (48015): ConfigHostModule dependencies initialized {"context":"InstanceLoader"}
[21:20:06.953] INFO (48015): ConfigModule dependencies initialized {"context":"InstanceLoader"}
[21:20:06.954] INFO (48015): ConfigModule dependencies initialized {"context":"InstanceLoader"}
[21:20:06.954] INFO (48015): LoggerModule dependencies initialized {"context":"InstanceLoader"}
[21:20:06.954] INFO (48015): ClientsModule dependencies initialized {"context":"InstanceLoader"}
[21:20:06.954] INFO (48015): SlackModule dependencies initialized {"context":"InstanceLoader"}
[21:20:06.954] INFO (48015): FacebookModule dependencies initialized {"context":"InstanceLoader"}
[21:20:06.954] INFO (48015): MongooseCoreModule dependencies initialized {"context":"InstanceLoader"}
[21:20:06.954] INFO (48015): MongooseModule dependencies initialized {"context":"InstanceLoader"}
[21:20:06.954] INFO (48015): WorkerModule dependencies initialized {"context":"InstanceLoader"}
[21:20:06.954] WARN (48015): WARN [undefined] KafkaJS v2.0.0 switched default partitioner. To retain the same partitioning behavior as in previous versions, create the producer with the option "createPartitioner: Partitioners.LegacyPartitioner". See the migration guide at https://kafka.js.ornode:internal/errors:496
    ErrorCaptureStackTrace(err);
    ^

Error: listen EADDRINUSE: address already in use :::3000
    at __node_internal_captureLargerStackTrace (node:internal/errors:496:5)
    at __node_internal_uvExceptionWithHostPort (node:internal/errors:593:12)
    at Server.setupListenHandle [as _listen2] (node:net:1811:16)
    at listenInCluster (node:net:1859:12)
    at Server.listen (node:net:1947:7)
    at ExpressAdapter.listen (/media/deepak/Data1/work/slack-facebook-integration/node_modules/@nestjs/platform-express/adapters/express-adapter.js:127:32)
    at /media/deepak/Data1/work/slack-facebook-integration/node_modules/@nestjs/core/nest-application.js:188:30
    at new Promise (<anonymous>)
    at NestApplication.listen (/media/deepak/Data1/work/slack-facebook-integration/node_modules/@nestjs/core/nest-application.js:178:16)
    at process.processTicksAndRejections (node:internal/process/task_queues:95:5)
    at bootstrap (/media/deepak/Data1/work/slack-facebook-integration/src/main.ts:25:3) {
  code: 'EADDRINUSE',
  errno: -98,
  syscall: 'listen',
  address: '::',
  port: 3000
}

Node.js v18.19.1
[2J[3J[H[[90m9:49:53 PM[0m] File change detected. Starting incremental compilation...

[[90m9:49:55 PM[0m] Found 0 errors. Watching for file changes.

[2J[3J[H[[90m9:50:14 PM[0m] File change detected. Starting incremental compilation...

[[90m9:50:15 PM[0m] Found 0 errors. Watching for file changes.

[2J[3J[H[[90m9:50:24 PM[0m] File change detected. Starting incremental compilation...

[[90m9:50:24 PM[0m] Found 0 errors. Watching for file changes.

[2J[3J[H[[90m9:50:28 PM[0m] File change detected. Starting incremental compilation...

[[90m9:50:29 PM[0m] Found 0 errors. Watching for file changes.

[2J[3J[H[[90m9:50:38 PM[0m] File change detected. Starting incremental compilation...

[[90m9:50:38 PM[0m] Found 0 errors. Watching for file changes.

[2J[3J[H[[90m9:50:47 PM[0m] File change detected. Starting incremental compilation...

[[90m9:50:47 PM[0m] Found 0 errors. Watching for file changes.

[2J[3J[H[[90m9:50:51 PM[0m] File change detected. Starting incremental compilation...

[[90m9:50:51 PM[0m] Found 0 errors. Watching for file changes.

[2J[3J[H[[90m9:51:13 PM[0m] File change detected. Starting incremental compilation...

[[90m9:51:13 PM[0m] Found 0 errors. Watching for file changes.

[2J[3J[H[[90m9:51:40 PM[0m] File change detected. Starting incremental compilation...

[[90m9:51:40 PM[0m] Found 0 errors. Watching for file changes.

[2J[3J[H[[90m9:51:47 PM[0m] File change detected. Starting incremental compilation...

[[90m9:51:47 PM[0m] Found 0 errors. Watching for file changes.

[2J[3J[H[[90m9:51:53 PM[0m] File change detected. Starting incremental compilation...

[[90m9:51:54 PM[0m] Found 0 errors. Watching for file changes.

[2J[3J[H[[90m9:51:57 PM[0m] File change detected. Starting incremental compilation...

[[90m9:51:57 PM[0m] Found 0 errors. Watching for file changes.

[2J[3J[H[[90m9:52:01 PM[0m] File change detected. Starting incremental compilation...

[[90m9:52:02 PM[0m] Found 0 errors. Watching for file changes.

[2J[3J[H[[90m9:52:05 PM[0m] File change detected. Starting incremental compilation...

[[90m9:52:06 PM[0m] Found 0 errors. Watching for file changes.

[2J[3J[H[[90m9:52:24 PM[0m] File change detected. Starting incremental compilation...

[[90m9:52:24 PM[0m] Found 0 errors. Watching for file changes.

[2J[3J[H[[90m9:52:51 PM[0m] File change detected. Starting incremental compilation...

[[90m9:52:52 PM[0m] Found 0 errors. Watching for file changes.

[2J[3J[H[[90m9:53:03 PM[0m] File change detected. Starting incremental compilation...

[[90m9:53:03 PM[0m] Found 0 errors. Watching for file changes.

[2J[3J[H[[90m9:53:20 PM[0m] File change detected. Starting incremental compilation...

[[90m9:53:21 PM[0m] Found 0 errors. Watching for file changes.

[21:54:07.436] INFO (64759): Starting Nest application... {"context":"NestFactory"}
[21:54:07.437] INFO (64759): AppModule dependencies initialized {"context":"InstanceLoader"}
[21:54:07.437] INFO (64759): MongooseModule dependencies initialized {"context":"InstanceLoader"}
[21:54:07.437] INFO (64759): ConfigHostModule dependencies initialized {"context":"InstanceLoader"}
[21:54:07.437] INFO (64759): ConfigModule dependencies initialized {"context":"InstanceLoader"}
[21:54:07.437] INFO (64759): ConfigModule dependencies initialized {"context":"InstanceLoader"}
[21:54:07.437] INFO (64759): LoggerModule dependencies initialized {"context":"InstanceLoader"}
[21:54:07.437] INFO (64759): ClientsModule dependencies initialized {"context":"InstanceLoader"}
[21:54:07.437] INFO (64759): SlackModule dependencies initialized {"context":"InstanceLoader"}
[21:54:07.437] INFO (64759): FacebookModule dependencies initialized {"context":"InstanceLoader"}
[21:54:07.437] INFO (64759): MongooseCoreModule dependencies initialized {"context":"InstanceLoader"}
[21:54:07.437] INFO (64759): MongooseModule dependencies initialized {"context":"InstanceLoader"}
[21:54:07.437] INFO (64759): WorkerModule dependencies initialized {"context":"InstanceLoader"}
[21:54:07.438] WARN (64759): WARN [undefined] KafkaJS v2.0.0 switched default partitioner. To retain the same partitioning behavior as in previous versions, create the producer with the option "createPartitioner: Partitioners.LegacyPartitioner". See the migration guide at https://kafka.js.org/docs/migration-guide-v2.0.0#producer-new-default-partitioner for details. Silence this warning by setting the environment variable "KAFKAJS_NO_PARTITIONER_WARNING=1" {"timestamp":"2025-12-14T16:23:24.437Z","logger":"kafkajs"} {"context":"ServerKafka"}
[21:54:07.438] INFO (64759): INFO [Consumer] Starting {"timestamp":"2025-12-14T16:23:24.504Z","logger":"kafkajs","groupId":"facebook-consumer-group-server"} {"context":"ServerKafka"}
[21:54:07.439] ERROR (64759): ERROR [Connection] Response SyncGroup(key: 14, version: 3) {"timestamp":"2025-12-14T16:24:07.065Z","logger":"kafkajs","broker":"127.0.0.1:9093","clientId":"nestjs-consumer-server","error":"The group is rebalancing, so a rejoin is needed","correlationId":5,"size":14} {"context":"ServerKafka"}
[21:54:07.439] INFO (64759): INFO [ConsumerGroup] Consumer has joined the group {"timestamp":"2025-12-14T16:24:07.432Z","logger":"kafkajs","groupId":"facebook-consumer-group-server","memberId":"nestjs-consumer-server-43add529-bd58-4a94-9573-db355e494bbf","leaderId":"nestjs-consumer-server-43add529-bd58-4a94-9573-db355e494bbf","isLeader":true,"memberAssignment":{"fb-messages":[0]},"groupProtocol":"RoundRobinAssigner","duration":42925} {"context":"ServerKafka"}
[21:54:07.439] INFO (64759): Nest microservice successfully started {"context":"NestMicroservice"}
[21:54:07.494] INFO (64759): FacebookController {/webhook}: {"context":"RoutesResolver"}
[21:54:07.499] INFO (64759): Mapped {/webhook, GET} route {"context":"RouterExplorer"}
[21:54:07.500] INFO (64759): Mapped {/webhook, POST} route {"context":"RouterExplorer"}
[21:54:07.500] INFO (64759): WorkerController {/}: {"context":"RoutesResolver"}
[21:54:07.510] INFO (64759): Nest application successfully started {"context":"NestApplication"}
[21:54:07.520] ERROR (64759): Error: listen EADDRINUSE: address already in use :::3000 {"context":"NestApplication"}
node:internal/errors:496
    ErrorCaptureStackTrace(err);
    ^

Error: listen EADDRINUSE: address already in use :::3000
    at __node_internal_captureLargerStackTrace (node:internal/errors:496:5)
    at __node_internal_uvExcept[2J[3J[H[[90m9:54:11 PM[0m] File change detected. Starting incremental compilation...

[[90m9:54:11 PM[0m] Found 0 errors. Watching for file changes.

[2J[3J[H[[90m9:54:17 PM[0m] File change detected. Starting incremental compilation...

[[90m9:54:18 PM[0m] Found 0 errors. Watching for file changes.

[2J[3J[H[[90m9:54:37 PM[0m] File change detected. Starting incremental compilation...

[[90m9:54:38 PM[0m] Found 0 errors. Watching for file changes.

[21:55:11.683] INFO (66743): Starting Nest application... {"context":"NestFactory"}
[21:55:11.684] INFO (66743): AppModule dependencies initialized {"context":"InstanceLoader"}
[21:55:11.684] INFO (66743): MongooseModule dependencies initialized {"context":"InstanceLoader"}
[21:55:11.684] INFO (66743): ConfigHostModule dependencies initialized {"context":"InstanceLoader"}
[21:55:11.684] INFO (66743): ConfigModule dependencies initialized {"context":"InstanceLoader"}
[21:55:11.684] INFO (66743): ConfigModule dependencies initialized {"context":"InstanceLoader"}
[21:55:11.684] INFO (66743): LoggerModule dependencies initialized {"context":"InstanceLoader"}
[21:55:11.684] INFO (66743): ClientsModule dependencies initialized {"context":"InstanceLoader"}
[21:55:11.684] INFO (66743): SlackModule dependencies initialized {"context":"InstanceLoader"}
[21:55:11.685] INFO (66743): FacebookModule dependencies initialized {"context":"InstanceLoader"}
[21:5[21:55:11.683] INFO (66746): Starting Nest application... {"context":"NestFactory"}
[21:55:11.684] INFO (66746): AppModule dependencies initialized {"context":"InstanceLoader"}
[21:55:11.684] INFO (66746): MongooseModule dependencies initialized {"context":"InstanceLoader"}
[21:55:11.684] INFO (66746): ConfigHostModule dependencies initialized {"context":"InstanceLoader"}
[21:55:11.684] INFO (66746): ConfigModule dependencies initialized {"context":"InstanceLoader"}
[21:55:11.684] INFO (66746): ConfigModule dependencies initialized {"context":"InstanceLoader"}
[21:55:11.684] INFO (66746): LoggerModule dependencies initialized {"context":"InstanceLoader"}
[21:55:11.684] INFO (66746): ClientsModule dependencies initialized {"context":"InstanceLoader"}
[21:55:11.684] INFO (66746): SlackModul[21:55:11.683] INFO (66748): Starting Nest application... {"context":"NestFactory"}
[21:55:11.684] INFO (66748): AppModule dependencies initialized {"context":"InstanceLoader"}
[21:55:11.684] INFO (66748): MongooseModule dependencies initialized {"context":"InstanceLoader"}
[21:55:11.684] INFO (66748): ConfigHostModule dependencies initialized {"context":"InstanceLoader"}
[21:55:11.684] INFO (66748): ConfigModule dependencies initialized {"context":"InstanceLoader"}
[21:55:11.684] INFO (66748): ConfigModule dependencies initialized {"context":"InstanceLoader"}
[21:55:11.684] INFO (66748): LoggerModule dependencies initialized {"context":"InstanceLoader"}
[21:55:11.684] INFO (66748): ClientsModule dependencies initialized {"context":"InstanceLoader"}
[21:55:11.684] INFO (66748): SlackModule dependencies initialized {"context":"InstanceLoader"}
[21:55:11.685] INFO (66748): FacebookModule dependencies initialized {"context":"InstanceLoader"}
[21:55:11.685] INFO (66748): MongooseCoreModule dependencies initialized {"context":"InstanceLoader"}
[21:55:11.685] INFO (66748): MongooseModule dependencies initialized {"context":"InstanceLoader"}
[21:55:11.685] INFO (66748): WorkerModule dependencies initialized {"context":"InstanceLoader"}
[21:55:11.685] WARN (66748): WARN [undefined] KafkaJS v2.0.0 switched default partitioner. To retain the same partitioning behavior as in previous versions, create the producer with the option "createPartitioner: Partitioners.LegacyPartitioner". See the migration guide at https://kafka.js.org/docs/migration-guide-v2.0.0#producer-new-default-partitioner for details. Silence this warning by setting the environment variable "KAFKAJS_NO_PARTITIONER_WARNING=1" {"timestamp":"2025-12-14T16:24:41.689Z","logger":"kafkajs"} {"context":"ServerKafka"}
[21:55:11.685] INFO (66748): INFO [Consumer] Starting {"timestamp":"2025-12-14T16:24:41.759Z","logger":"kafkajs","groupId":"facebook-consumer-group-server"} {"context":"ServerKafka"}
[21:55:11.685] INFO (66748): INFO [ConsumerGroup] Consumer has joined the group {"timestamp":"2025-12-14T16:25:11.680Z","logger":"kafkajs","groupId":"facebook-consumer-group-server","member[2J[3J[H[[90m9:55:36 PM[0m] File change detected. Starting incremental compilation...

[[90m9:55:37 PM[0m] Found 0 errors. Watching for file changes.

[2J[3J[H[[90m9:55:49 PM[0m] File change detected. Starting incremental compilation...

[[90m9:55:49 PM[0m] Found 0 errors. Watching for file changes.

[2J[3J[H[[90m9:56:33 PM[0m] File change detected. Starting incremental compilation...

[[90m9:56:33 PM[0m] Found 0 errors. Watching for file changes.

[2J[3J[H[[90m9:56:43 PM[0m] File change detected. Starting incremental compilation...

[[90m9:56:44 PM[0m] Found 0 errors. Watching for file changes.

[2J[3J[H[[90m9:57:06 PM[0m] File change detected. Starting incremental compilation...

[[90m9:57:07 PM[0m] Found 0 errors. Watching for file changes.

[2J[3J[H[[90m9:57:16 PM[0m] File change detected. Starting incremental compilation...

[[90m9:57:17 PM[0m] Found 0 errors. Watching for file changes.

[2J[3J[H[[90m9:57:38 PM[0m] File change detected. Starting incremental compilation...

[[90m9:57:38 PM[0m] Found 0 errors. Watching for file changes.

[21:58:10.553] INFO (71497): Starting Nest application... {"context":"NestFactory"}
[21:58:10.554] INFO (71497): AppModule dependencies initialized {"context":"InstanceLoader"}
[21:58:10.554] INFO (71497): MongooseModule dependencies initialized {"context":"InstanceLoader"}
[21:58:10.554] INFO (71497): ConfigHostModule dependencies initialized {"context":"InstanceLoader"}
[21:58:10.554] INFO (71497): ConfigModule dependencies initialized {"context":"InstanceLoader"}
[21:58:10.554] INFO (71497): ConfigModule dependencies initialized {"context":"InstanceLoader"}
[21:58:10.554] INFO (71497): LoggerModule dependencies initialized {"context":"InstanceLoader"}
[21:58:10.554] INFO (71497): ClientsModule dependencies initialized {"context":"InstanceLoader"}
[21:58:10.554] INFO (71497): SlackModule dependencies initialized {"context":"InstanceLoader"}
[21:58:10.554] INFO (71497): FacebookModule dependencies initialized {"context":"InstanceLoader"}
[21:58:10.554] INFO (71497): MongooseCoreModule dependencies initialized {"context":"InstanceLoader"}
[21:58:10.554] INFO (71497): MongooseModule dependencies initialized {"context":"InstanceLoader"}
[21:58:10.555] INFO (71497): WorkerModule dependencies initialized {"context":"InstanceLoader"}
[21:58:10.555] WARN (71497): WARN [undefined] KafkaJS v2.0.0 switched default partitioner. To retain the same partitioning behavior as in previous versions, create the producer with the option "createPartitioner: Partitioners.LegacyPartitio[21:58:10.553] INFO (71524): Starting Nest application... {"context":"NestFactory"}
[21:58:10.555] INFO (71524): AppModule dependencies initialized {"context":"InstanceLoader"}
[21:58:10.555] INFO (71524): MongooseModule dependencies initialized {"context":"InstanceLoader"}
[21:58:10.555] INFO (71524): ConfigHostModule dependencies initialized {"context":"InstanceLoader"}
[21:58:10.555] INFO (71524): ConfigModule dependencies initialized {"context":"InstanceLoader"}
[21:58:10.555] INFO (71524): ConfigModule dependencies initialized {"context":"InstanceLoader"}
[21:58:10.555] INFO (71524): LoggerModule dependencies initialized {"context":"InstanceLoader"}
[21:58:10.555] INFO (71524): ClientsModule dependencies initialized {"context":"InstanceLoader"}
[21:58:10.555] INFO (71524): SlackModule dependencies initialized {"context":"InstanceLoader"}
[21:58:10.555] INFO (71524): FacebookModule dependencies initialized {"context":"InstanceLoader"}
[21:58:10.555] INFO (71524): MongooseCoreModule dependencies initialized {"context":"InstanceLoader"}
[21:58:10.555] INFO (71524): MongooseModule dependencies initialized {"context":"InstanceLoader"}
[21:58:10.555] INFO (71524): WorkerModule dependencies initialized {"context":"InstanceLoader"}
[21:58:10.556] WARN (71524): WARN [undefined] KafkaJS v2.0.0 switched default partitioner. To retain the same partitioning behavior as in previous versions, create the producer with the option "createPartitioner: Partitioners.LegacyPartitioner". See the migration guide at https://kafka.js.org/docs/migration-guide-v2.0.0#producer-new-default-partitioner for details. Silence this warning by setting the environment variable "KAFKAJS_NO_PARTITIONER_WARNING=1" {"timestamp":"2025-12-14T16:27:41.972Z","logger":"kafkajs"} {"context":"ServerKafka"}
[21:58:10.556] INFO (71524): INFO [Consumer] Starting {"timestamp":"2025-12-14T16:27:42.022Z","logger":"kafkajs","groupId":"facebook-consumer-group-server"} {"context":"ServerKafka"}
[21:58:10.556] INFO (71524): INFO [ConsumerGroup] Consumer has joined the group {"timestamp":"2025-12-14T16:28:10.550Z","logger":"kafkajs","groupId":"facebook-consumer-group-server","memberId":"nestjs-consumer-server-7142fc42-2a2f-41d1-ab96-4ad0ee58fbec","leaderId":"nestjs-consumer-server-2201b3bd-6960-4b9e-af53-efd65cf1673a","isLeader":false,"memberAssignment":{},"groupProtocol":"RoundRobinAssigner","duration":28526} {"context":"ServerKafka"}
[21:58:10.556] INFO (71524): Nest microservice successfully started {"context":"NestMicroservice"}
[21:58:10.586] INFO (71524): FacebookController {/webhook}: {"context":"RoutesResolver"}
[21:58:10.592] INFO (71524): Mapped {/webhook, GET} route {"context":"RouterExplorer"}
[21:58:10.595] INFO (71524): Ma[2J[3J[H[[90m4:06:51 PM[0m] File change detected. Starting incremental compilation...

[96msrc/main.ts[0m:[93m1[0m:[93m12[0m - [91merror[0m[90m TS1005: [0m';' expected.

[7m1[0m curl -i -X POST  "https://e5207c174b18.ngrok-free.app/webhook"  -H "Content-Type: application/json"  -d `{"object": "page","entry": [{  "id": "1234567890123456","time": 1734267600000,"messaging"[96msrc/main.ts[0m:[93m1[0m:[93m12[0m - [91merror[0m[90m TS1005: [0m';' expected.

[7m1[0m curl -i -X POST  "https://e5207c174b18.ngrok-free.app/webhook"  -H "Content-Type: application/json"  -d `{"object": "page","entry": [{  "id": "1234567890123456","time": 1734267600000,"messaging": [{ "sender": {"id": "9876543210987654"}, "recipient": {"id": "1234567890123456"}, "timestamp": 1734267600000, "message": {"mid": "m_abcdefghij_012345", "text": "This message proves the POST handler works!" }  }]}] }`
[7m [0m [91m           ~~~~[0m

[96msrc/main.ts[0m:[93m1[0m:[93m68[0m - [91merror[0m[90m TS1005: [0m';' expected.

[7m1[0m curl -i -X POST  "https://e5207c174b18.ngrok-free.app/webhook"  -H "Content-Type: application/json"  -d `{"object": "page","entry": [{  "id": "1234567890123456","time": 1734267600000,"messaging": [{ "sender": {"id": "9876543210987654"}, "recipient": {"id": "1234567890123456"}, "timestamp": 1734267600000, "message": {"mid": "m_abcdefghij_012345", "text": "This message proves the POST handler works!" }  }]}] }`
[7m [0m [91m                                                                   ~~~~~~~~~~~~~~~~~~~~~~~~~~~~~~~~[0m

[96msrc/main.ts[0m:[93m3[0m:[93m12[0m - [91merror[0m[90m TS1005: [0m';' expected.

[7m3[0m curl -i -X POST "https://e5207c174b18.ngrok-free.app/webhook" -H "Content-Type: application/json" -d "{\"object\":\"page\",\"entry\":[{\"id\":\"1234567890123456\",\"time\":1734267600000,\"messaging\":[{\"sender\":{\"id\":\"9876543210987654\"},\"recipient\":{\"id\":\"1234567890123456\"},\"timestamp\":1734267600000,\"message\":{\"mid\":\"m_abcdefghij_012345\",\"text\":\"Test message sent successfully\"}}]}]}"
[7m [0m [91m           ~~~~[0m

[96msrc/main.ts[0m:[93m3[0m:[93[96msrc/main.ts[0m:[93m1[0m:[93m12[0m - [91merror[0m[90m TS1005: [0m';' expected.

[7m1[0m curl -i -X POST  "https://e5207c174b18.ngrok-free.app/webhook"  -H "Content-Type: application/json"  -d `{"object": "page","entry": [{  "id": "1234567890123456","time": 1734267600000,"messaging": [{ "sender": {"id": "9876543210987654"}, "recipient": {"id": "1234567890123456"}, "timestamp": 1734267600000, "message": {"mid": "m_abcdefghij_012345", "text": "This message proves the POST handler works!" }  }]}] }`
[7m [0m [91m           ~~~~[0m

[96msrc/main.ts[0m:[93m1[0m:[93m68[0m - [91merror[0m[90m TS1005: [0m';' expected.

[7m1[0m curl -i -X POST  "https://e5207c174b18.ngrok-free.app/webhook"  -H "Content-Type: application/json"  -d `{"object": "page","entry": [{  "id": "1234567890123456","time": 1734267600000,"messaging": [{ "sender": {"id": "9876543210987654"}, "recipient": {"id": "1234567890123456"}, "timestamp": 1734267600000, "message": {"mid": "m_abcdefghij_012345", "text": "This message proves the POST handler works!" }  }]}] }`
[7m [0m [91m                                                                   ~~~~~~~~~~~~~~~~~~~~~~~~~~~~~~~~[0m

[96msrc/main.ts[0m:[93m3[0m:[93m12[0m - [91merror[0m[90m TS1005: [0m';' expected.

[7m3[0m curl -i -X POST "https://e5207c174b18.ngrok-free.app/webhook" -H "Content-Type: application/json" -d "{\"object\[[90m4:06:56 PM[0m] Found 0 errors. Watching for file changes.

[16:07:25.067] INFO (91831): Starting Nest application... {"context":"NestFactory"}
[16:07:25.068] INFO (91831): AppModule dependencies initialized {"context":"InstanceLoader"}
[16:07:25.068] INFO (91831): MongooseModule dependencies initialized {"context":"InstanceLoader"}
[16:07:25.068] INFO (91831): ConfigHostModule dependencies initialized {"context":"InstanceLoader"}
[16:07:25.068] INFO (91831): ConfigModule dependencies initialized {"context":"InstanceLoader"}
[16:07:25.068] INFO (91831): ConfigModule dependencies initialized {"context":"InstanceLoader"}
[16:07:25.068] INFO (91831): LoggerModule dependencies initialized {"context":"InstanceLoader"}
[16:07:25.068] INFO (91831): ClientsModule dependencies initialized {"context":"InstanceLoader"}
[16:07:25.068] INFO (91831): SlackModule dependencies initialized {"context":"InstanceLoader"}
[16:07:25.069] INFO (91831): FacebookModule dependencies initialized {"context":"InstanceLoader"}
[16:07:25.069] INFO (91831): MongooseCoreModule dependencies initialized {"context":"InstanceLoader"}
[16:07:25.069] INFO (91831): MongooseModule dependencies initialized {"context":"InstanceLoader"}
[16:07:25.069] INFO (91831): WorkerModule dependencies initialized {"context":"InstanceLoader"}
[16:07:25.069] WARN (91831): WARN [undefined] KafkaJS v2.0.0 switched default partitioner. To retain the same partitioning behavior as in previous versions, create the producer with the option "createPartitioner: Partitioners.LegacyPartitioner". See the migration guide at https://kafka.js.org/docs/migration-guide-v2.0.0#producer-new-default-partitioner for details. Silence this warning by setting the environment variable "KAFKAJS_NO_PARTITIONER_WARNING=1" {"timestamp":"2025-12-15T10:36:59.531Z","logger":"kafkajs"} {"context":"ServerKafka"}
[16:07:25.069] INFO (91831): INFO [Consumer] Starting {"timestamp":"2025-12-15T10:36:59.566Z","logger":"kafkajs","groupId":"facebook-consumer-group-server"} {"context":"ServerKafka"}
[16:07:25.070] INFO (91831): INFO [ConsumerGroup] Consumer has joined the group {"timestamp":[16:07:25.070] INFO (91846): Starting Nest application... {"context":"NestFactory"}
[16:07:25.072] INFO (91846): AppModule dependencies initialized {"context":"InstanceLoader"}
[16:07:25.072] INFO (91846): MongooseModule dependencies initialized {"context":"InstanceLoader"}
[16:07:25.072] INFO (91846): ConfigHostModule dependencies initialized {"context":"InstanceLoader"}
[16:07:25.072] INFO (91846): ConfigModule dependencies initialized {"context":"InstanceLoader"}
[16:07:25.072] INFO (91846): ConfigModule dependencies initialized {"context":"InstanceLoader"}
[16:07:25.072] INFO (91846): LoggerModule dependencies initialized {"context":"InstanceLoader"}
[16:07:25.072] INFO (91846): ClientsModule dependencies initialized {"context":"InstanceLoader"}
[16:07:25.072] INFO (91846): SlackModule dependencies initialized {"context":"InstanceLoader"}
[16:07:25.072] INFO (91846): FacebookModule dependencies initialized {"context":"InstanceLoader"}
[16:07:25.072] INFO (91846): MongooseCoreModule dependencienode:internal/errors:496
    ErrorCaptureStackTrace(err);
    ^

Error: listen EADDRINUSE: address already in use :::3000
    at __node_internal_captureLargerStackTrace (node:internal/errors:496:5)
    at __node_internal_uvExceptionWithHostPort (node:internal/errors:593:12)
    at Server.setupListenHandle [as _listen2] (node:net:1811:16)
    at listenInCluster (node:net:1859:12)
    at Server.listen (node:net:1947:7)
    at ExpressAdapter.listen (/media/deepak/Data1/work/slack-facebook-integration/node_modules/@nestjs/platform-express/adapters/express-adapter.js:127:32)
    at /media/deepak/Data1/work/slack-facebook-integration/node_modules/@nestjs/core/nest-application.js:188:30
    at new Promise (<anonymous>)
    at NestApplication.listen (/media/deepak/Data1/work/slack-facebook-integration/node_modules/@nestjs/core/nest-application.js:178:16)
    at process.processTicksAndRejections (node:internal/process/task_queues:95:5)
    at bootstrap (/media/deepak/Data1/work/slack-facebook-integration/src/main.ts:30:3) {
  code: 'EADDRINUSE',
  errno: -98,
  syscall: 'listen',
  address: '::',
  port: 3000
}

Node.js v18.19.1
[2J[3J[H[[90m4:10:11 PM[0m] File change detected. Starting incremental compilation...

[[90m4:10:11 PM[0m] Found 0 errors. Watching for file changes.

[16:10:40.284] INFO (93572): Starting Nest application... {"context":"NestFactory"}
[16:10:40.285] INFO (93572): AppModule dependencies initialized {"context":"InstanceLoader"}
[16:10:40.285] INFO (93572): MongooseModule dependencies initialized {"context":"InstanceLoader"}
[16:10:40.285] INFO (93572): ConfigHostModule dependencies initialized {"context":"InstanceLoader"}
[16:10:40.286] INFO (93572): ConfigModule dependencies initialized {"context":"InstanceLoader"}
[16:10:40.286] INFO (93572): ConfigModule dependencies initialized {"context":"InstanceLoader"}
[16:10:40.286] INFO (93572): LoggerModule dependencies initialized {"context":"InstanceLoader"}
[16:10:40.286] INFO (93572): ClientsModule dependencies initialized {"context":"InstanceLoader"}
[16:10:40.286] INFO (93572): SlackModule dependencies initialized {"context":"InstanceLoader"}
[16:10:40.287] INFO (93572): FacebookModule dependencies initialized {"context":"InstanceLoader"}
[16:10:40.287] INFO (93572): MongooseCoreModule dependencies initialized {"context":"InstanceLoader"}
[16:10:40.287] INFO (93572): MongooseModule dependencies initialized {"context":"InstanceLoader"}
[16:10:40.287] INFO (93572): WorkerModule dependencies initialized {"context":"InstanceLoader"}
[16:10:40.287] WARN (93572): WARN [undefined] KafkaJS v2.0.0 switched default partitioner. To retain the same partitioning behavior as in previous versions, create the producer with the option "createPartitioner: Partitioners.LegacyPartitioner". See the migration guide at https://kafka.js.org/docs/migration-guide-v2.0.0#producer-new-default-partitioner for details. Silence this warning by setting the environment variable "KAFKAJS_NO_PARTITIONER_WARNING=1" {"timestamp":"2025-12-15T10:40:14.513Z","logger":"kafkajs"} {"context":"ServerKafka"}
[16:10:40.287] INFO (93572): INFO [Consumer] Starting {"timestamp":"2025-12-15T10:40:14.557Z","logger":"kafkajs","groupId":"facebook-consumer-group-server"} {"context":"ServerKafka"}
[16:10:40.287] INFO (93572): INFO [ConsumerGroup] Consumer has joined the group {"timestamp":"2025-12-15T10:4[16:10:40.285] INFO (93564): Starting Nest application... {"context":"NestFactory"}
[16:10:40.286] INFO (93564): AppModule dependencies initialized {"context":"InstanceLoader"}
[16:10:40.286] INFO (93564): MongooseModule dependencies initialized {"context":"InstanceLoader"}
[16:10:40.286] INFO (93564): ConfigHostModule dependencies initialized {"context":"InstanceLoader"}
[16:10:40.286] INFO (93564): ConfigModule dependencies initialized {"context":"InstanceLoader"}
[16:10:40.286] INFO (93564): ConfigModule dependencies initialized {"context":"InstanceLoader"}
[16:10:40.286] INFO (93564): LoggerModule dependencies initialized {"context":"InstanceLoader"}
[16:10:40.286] INFO (93564): ClientsModule dependencies initialized {"context":"InstanceLoader"}
[16:10:40.287] INFO (93564): SlackModule dependencies initialized {"context":"InstanceLoader"}
[16:10:40.287] INFO (93564): FacebookModule dependencies initialized {"context":"InstanceLoader"}
[16:10:40.287] INFO (93564): MongooseCoreMonode:internal/errors:496
    ErrorCaptureStackTrace(err);
    ^

Error: listen EADDRINUSE: address already in use :::3000
    at __node_internal_captureLargerStackTrace (node:internal/errors:496:5)
    at __node_internal_uvExceptionWithHostPort (node:internal/errors:593:12)
    at Server.setupListenHandle [as _listen2] (node:net:1811:16)
    at listenInCluster (node:net:1859:12)
    at Server.listen (node:net:1947:7)
    at ExpressAdapter.listen (/media/deepak/Data1/work/slack-facebook-integration/node_modules/@nestjs/platform-express/adapters/express-adapter.js:127:32)
    at /media/deepak/Data1/work/slack-facebook-integration/node_modules/@nestjs/core/nest-application.js:188:30
    at new Promise (<anonymous>)
    at NestApplication.listen (/media/deepak/Data1/work/slack-facebook-integration/node_modules/@nestjs/core/nest-application.js:178:16)
    at process.processTicksAndRejections (node:internal/process/task_queues:95:5)
    at bootstrap (/media/deepak/Data1/work/slack-facebook-integration/src/main.ts:30:3) {
  code: 'EADDRINUSE',
  errno: -98,
  syscall: 'listen',
  address: '::',
  port: 3000
}

Node.js v18.19.1
cation.js:178:16)
    at process.processTicksAndRejections (node:internal/process/task_queues:95:5)
    at bootstrap (/media/deepak/Data1/work/slack-facebook-integration/src/main.ts:30:3) {
  code: 'EADDRINUSE',
  errno: -98,
  syscall: 'listen',
  address: '::',
  port: 3000
}

Node.js v18.19.1
:40.288] INFO (93564): Nest microservice successfully started {"contextnode:internal/errors:496
    ErrorCaptureStackTrace(err);
    ^

Error: listen EADDRINUSE: address already in use :::3000
    at __node_internal_captureLargerStackTrace (node:internal/errors:496:5)
    at __node_internal_uvExceptionWithHostPort (node:internal/errors:593:12)
    at Killed
setupListenHandle [as _listen2] (node:net:1811:16)
    at listenInCluster (node:net:1859:12)
    at Server.listen (node:net:1947:7)
    at ExpressAdapter.listen (/media/deepak/Data1/work/slack-facebook-integration/node_modules/@nestjs/platform-express/adapters/express-adapter.js:127:32)
   node:internal/errors:496
    ErrorCaptureStackTrace(err);
    ^

Error: listen EADDRINUSE: address already in use :::3000
    at __node_internal_captureLargerStackTrace (node:internal/errors:496:5)
    at __node_internal_uvExceptionWithHostPort (node:internal/errors:593:12)
    at Server.setupListenHandle [as _listen2] (node:net:1811:16)
    at listenInCluster (node:net:1859:12)
    at Server.listen (node:net:1947:7)
    at ExpressAdapter.listen (/media/deepak/Data1/work/slack-facebook-integration/node_modules/@nestjs/platform-express/adapters/express-adapter.js:127:32)
    at /media/deepak/Data1/work/slack-facebook-integration/node_modules/@nestjs/core/nest-application.js:188:30
    at new Promise (<anonymous>)
    at NestApplication.listen (/media/deepak/Data1/work/slack-facebook-integration/node_modules/@nestjs/core/nest-application.js:178:16)
    at process.processTicksAndRejections (node:internal/process/task_queues:95:5)
    at bootstrap (/media/deepak/Data1/work/slack-facebook-integration/src/main.ts:30:3) {
  code: 'EADDRINUSE',
  errno: -98,
  syscall: 'listen',
  address: '::',
  port: 3000
}

Node.js v18.19.1
                                            ~[0m

[96msrc/worker/worker.service.ts[0m:[93m55[0m:[93m1[0m - [91merror[0m[90m TS1128: [0mDeclaration or statement expected.

[7m55[0m }
[7m  [0m [91m~[0m

[[90m9:17:31 PM[0m] Found 5 errors. Watching for file changes.

[21:17:31.163] INFO (45870): Starting Nest application... {"context":"NestFactory"}
[21:17:31.164] INFO (45870): MongooseModule dependencies initialized {"context":"InstanceLoader"}
[21:17:31.165] INFO (45870): ConfigHostModule dependencies initialized {"context":"InstanceLoader"}
[21:17:31.165] INFO (45870): AppModule dependencies initialized {"context":"InstanceLoader"}
[21:17:31.165] INFO (45870): ConfigModule dependencies initialized {"context":"InstanceLoader"}
[21:17:31.165] INFO (45870): ConfigModule dependencies initialized {"context":"InstanceLoader"}
[21:17:31.165] INFO (45870): LoggerModule dependencies initialized {"context":"InstanceLoader"}
[21:17:31.165] INFO (45870): ClientsModule dependencies initialized {"context":"InstanceLoader"}
[21:17:31.165] INFO (45870): SlackModule dependencies initialized {"context":"InstanceLoader"}
[21:17:31.165] INFO (45870): FacebookModule dependencies initialized {"context":"InstanceLoader"}
[21:17:31.165] INFO (45870): MongooseCoreModule dependencies initialized {"context":"InstanceLoader"}
[21:17:31.165] INFO (45870): MongooseModule dependencies initialized {"context":"InstanceLoader"}
[21:17:31.173] INFO (45870): WorkerModule dependencies initialized {"context":"InstanceLoader"}
[21:17:31.173] WARN (45870): WARN [undefined] KafkaJS v2.0.0 switched default partitioner. To retain the same partitioning behavior as in previous versions, create the producer with the option "createPartitioner: Partitioners.LegacyPartitioner". See the migration guide at https://kafka.js.org/docs/migration-guide-v2.0.0#producer-new-default-partitioner for details. Silence this warning by setting the environment variable "KAFKAJS_NO_PARTITIONER_WARNING=1" {"timestamp":"2025-12-14T15:47:12.840Z","logger":"kafkajs"} {"context":"ServerKafka"}
[21:17:31.174] INFO (45870): INFO [Consumer] Starting {"timestamp":"2025-12-14T15:47:12.882Z","logger":"kafkajs","groupId":"facebook-consumer-group-server"} {"context":"ServerKafka"}
[21:17:31.174] INFO (45870): INFO [ConsumerGroup] Consumer has joined the group {"timestamp":"2025-12-14T15:47:31.145Z","logger":"kafkajs","groupId":"facebook-consumer-group-server","memberId":"nestjs-consumer-server-d21d0f2d-3f4a-420b-81af-cb04fcfa3687","leaderId":"nestjs-consumer-server-d4eb99c8-ad89-4cda-b86a-e0055f71eb7c","isLeader":false,"memberAssignment":{},"groupProtocol":"RoundRobinAssigner","duration":18262} {"context":"ServerKafka"}
[21:17:31.174] INFO (45870): Nest microservice successfully started {"context":"NestMicroservice"}
[21:17:31.266] INFO (45870): AppController {/}: {"context":"RoutesResolver"}
[21:17:31.273] INFO (45870): Mapped {/, GET} route {"context":"RouterExplorer"}
[21:17:31.275] INFO (45870): FacebookController {/webhook}: {"context":"RoutesResolver"}
[21:17:31.278] INFO (45870): Mapped {/webhook, GET} route {"context":"RouterExplorer"}
[21:17:31.279] INFO (45870): Mapped {/webhook, POST} route {"context":"RouterExplorer"}
[21:17:31.279] INFO (45870): WorkerController {/}: {"context":"RoutesResolver"}
[21:17:31.286] INFO (45870): Nest application successfully started {"context":"NestApplication"}
[21:17:31.301] ERROR (45870): Error: listen EADDRINUSE: address already in use :::3000 {"context":"NestApplication"}
node:internal/errors:496
    ErrorCaptureStackTrace(err);
    ^

Error: listen EADDRINUSE: address already in use :::3000
    at __node_internal_captureLargerStackTrace (node:internal/errors:496:5)
    at __node_internal_uvExceptionWithHostPort (node:internal/errors:593:12)
    at Server.setupListenHandle [as _listen2] (node:net:1811:16)
    at listenInCluster (node:net:1859:12)
    at Server.listen (node:net:1947:7)
    at ExpressAdapter.listen (/media/deepak/Data1/work/slack-facebook-integration/node_modules/@nestjs/platform-express/adapters/express-adapter.js:127:32)
    at /media/deepak/Data1/work/slack-facebook-integration/node_modules/@nestjs/core/nest-application.js:188:30
    at new Promise (<anonymous>)
    at NestApplication.listen (/media/deepak/Data1/work/slack-facebook-integration/node_modules/@nestjs/core/nest-application.js:178:16)
    at process.processTicksAndRejections (node:internal/process/task_queues:95:5)
    at bootstrap (/media/deepak/Data1/work/slack-facebook-integration/src/main.ts:25:3) {
  code: 'EADDRINUSE',
  errno: -98,
  syscall: 'listen',
  address: '::',
  port: 3000
}

Node.js v18.19.1
[2J[3J[H[[90m9:17:56 PM[0m] File change detected. Starting incremental compilation...

[96msrc/worker/worker.service.ts[0m:[93m16[0m:[93m1[0m - [91merror[0m[90m TS1068: [0mUnexpected token. A constructor, method, accessor, or property was expected.

[7m16[0m import { MessageStatus, MessageSource, FacebookMessagePayload } from '../common/types';
[7m  [0m [91m~~~~~~[0m

[96msrc/worker/worker.service.ts[0m:[93m20[0m:[93m3[0m - [91merror[0m[90m TS1434: [0mUnexpected keyword or identifier.

[7m20[0m   async handleFacebookMessage(payload: FacebookMessagePayload) {
[7m  [0m [91m  ~~~~~[0m

[96msrc/worker/worker.service.ts[0m:[93m20[0m:[93m38[0m - [91merror[0m[90m TS1005: [0m',' expected.

[7m20[0m   async handleFacebookMessage(payload: FacebookMessagePayload) {
[7m  [0m [91m                                     ~[0m

[96msrc/worker/worker.service.ts[0m:[93m20[0m:[93m64[0m - [91merror[0m[90m TS1005: [0m';' expected.

[7m20[0m   async handleFacebookMessage(payload: FacebookMessagePayload) {
[7m  [0m [91m                                                               ~[0m

[96msrc/worker/worker.service.ts[0m:[93m55[0m:[93m1[0m - [91merror[0m[90m TS1128: [0mDeclaration or statement expected.

[7m55[0m }
[7m  [0m [91m~[0m

[[90m9:17:57 PM[0m] Found 5 errors. Watching for file changes.

[2J[3J[H[[90m9:17:59 PM[0m] File change detected. Starting incremental compilation...

[[90m9:18:00 PM[0m] Found 0 errors. Watching for file changes.

[2J[3J[H[[90m9:18:21 PM[0m] File change detected. Starting incremental compilation...

[[90m9:18:21 PM[0m] Found 0 errors. Watching for file changes.

[2J[3J[H[[90m9:18:32 PM[0m] File change detected. Starting incremental compilation...

[96msrc/app.module.ts[0m:[93m49[0m:[93m17[0m - [91merror[0m[90m TS2304: [0mCannot find name 'AppController'.

[7m49[0m   controllers: [AppController],
[7m  [0m [91m                ~~~~~~~~~~~~~[0m

[96msrc/app.module.ts[0m:[93m50[0m:[93m15[0m - [91merror[0m[90m TS2304: [0mCannot find name 'AppService'.

[7m50[0m   providers: [AppService],
[7m  [0m [91m              ~~~~~~~~~~[0m

[[90m9:18:34 PM[0m] Found 2 errors. Watching for file changes.

[2J[3J[H[[90m9:18:35 PM[0m] File change detected. Starting incremental compilation...

[96msrc/app.module.ts[0m:[93m49[0m:[93m17[0m - [91merror[0m[90m TS2304: [0mCannot find name 'AppController'.

[7m49[0m   controllers: [AppController],
[7m  [0m [91m                ~~~~~~~~~~~~~[0m

[96msrc/app.module.ts[0m:[93m50[0m:[93m15[0m - [91merror[0m[90m TS2304: [0mCannot find name 'AppService'.

[7m50[0m   providers: [AppService],
[7m  [0m [91m              ~~~~~~~~~~[0m

[[90m9:18:36 PM[0m] Found 2 errors. Watching for file changes.

[2J[3J[H[[90m9:18:51 PM[0m] File change detected. Starting incremental compilation...

[96msrc/app.module.ts[0m:[93m49[0m:[93m17[0m - [91merror[0m[90m TS2304: [0mCannot find name 'AppController'.

[7m49[0m   controllers: [AppController],
[7m  [0m [91m                ~~~~~~~~~~~~~[0m

[96msrc/app.module.ts[0m:[93m50[0m:[93m15[0m - [91merror[0m[90m TS2304: [0mCannot find name 'AppService'.

[7m50[0m   providers: [AppService],
[7m  [0m [91m              ~~~~~~~~~~[0m

[[90m9:18:53 PM[0m] Found 2 errors. Watching for file changes.

[21:18:56.540] INFO (46882): Starting Nest application... {"context":"NestFactory"}
[21:18:56.542] INFO (46882): MongooseModule dependencies initialized {"context":"InstanceLoader"}
[21:18:56.542] INFO (46882): ConfigHostModule dependencies initialized {"context":"InstanceLoader"}
[21:18:56.542] INFO (46882): AppModule dependencies initialized {"context":"InstanceLoader"}
[21:18:56.542] INFO (46882): ConfigModule dependencies initialized {"context":"InstanceLoader"}
[21:18:56.542] INFO (46882): ConfigModule dependencies initialized {"context":"InstanceLoader"}
[21:18:56.542] INFO (46882): LoggerModule dependencies initialized {"context":"InstanceLoader"}
[21:18:56.542] INFO (46882): ClientsModule dependencies initialized {"context":"InstanceLoader"}
[21:18:56.542] INFO (46882): SlackModule dependencies initialized {"context":"InstanceLoader"}
[21:18:56.542] INFO (46882): FacebookModule dependencies initialized {"context":"InstanceLoader"}
[21:18:56.542] INFO (46882): MongooseCoreModule dependencies initialized {"context":"InstanceLoader"}
[21:18:56.542] INFO (46882): MongooseModule dependencies initialized {"context":"InstanceLoader"}
[21:18:56.542] INFO (46882): WorkerModule dependencies initialized {"context":"InstanceLoader"}
[21:18:56.543] WARN (46882): WARN [undefined] KafkaJS v2.0.0 switched default partitioner. To retain the same partitioning behavior as in previous versions, create the producer with the option "createPartitioner: Partitioners.LegacyPartitioner". See the migration guide at https://kafka.js.org/docs/migration-guide-v2.0.0#producer-new-default-partitioner for details. Silence this warning by setting the environment variable "KAFKAJS_NO_PARTITIONER_WARNING=1" {"timestamp":"2025-12-14T15:48:24.714Z","logger":"kafkajs"} {"context":"ServerKafka"}
[21:18:56.543] INFO (46882): INFO [Consumer] Starting {"timestamp":"2025-12-14T15:48:24.802Z","logger":"kafkajs","groupId":"facebook-consumer-group-server"} {"context":"ServerKafka"}
[21:18:56.543] ERROR (46882): ERROR [Connection] Response SyncGroup(key: 14, version: 3) {"timestamp":"2025-12-14T15:48:56.193Z","logger":"kafkajs","broker":"127.0.0.1:9093","clientId":"nestjs-consumer-server","error":"The group is rebalancing, so a rejoin is needed","correlationId":5,"size":14} {"context":"ServerKafka"}
[21:18:56.544] INFO (46882): INFO [ConsumerGroup] Consumer has joined the group {"timestamp":"2025-12-14T15:48:56.537Z","logger":"kafkajs","groupId":"facebook-consumer-group-server","memberId":"nestjs-consumer-server-f3e4de3b-de9a-4e41-83bd-0a111b38cf24","leaderId":"nestjs-consumer-server-f3e4de3b-de9a-4e41-83bd-0a111b38cf24","isLeader":true,"memberAssignment":{},"groupProtocol":"RoundRobinAssigner","duration":31733} {"context":"ServerKafka"}
[21:18:56.544] INFO (46882): Nest microservice successfully started {"context":"NestMicroservice"}
[21:18:56.567] INFO (46882): AppController {/}: {"context":"RoutesResolver"}
[21:18:56.572] INFO (46882): Mapped {/, GET} route {"context":"RouterExplorer"}
[21:18:56.572] INFO (46882): FacebookController {/webhook}: {"context":"RoutesResolver"}
[21:18:56.574] INFO (46882): Mapped {/webhook, GET} route {"context":"RouterExplorer"}
[21:18:56.575] INFO (46882): Mapped {/webhook, POST} route {"context":"RouterExplorer"}
[21:18:56.575] INFO (46882): WorkerController {/}: {"context":"RoutesResolver"}
[21:18:56.583] INFO (46882): Nest application successfully started {"context":"NestApplication"}
[21:18:56.593] ERROR (46882): Error: listen EADDRINUSE: address already in use :::3000 {"context":"NestApplication"}
node:internal/errors:496
    ErrorCaptureStackTrace(err);
    ^

Error: listen EADDRINUSE: address already in use :::3000
    at __node_internal_captureLargerStackTrace (node:internal/errors:496:5)
    at __node_internal_uvExceptionWithHostPort (node:internal/errors:593:12)
    at Server.setupListenHandle [as _listen2] (node:net:1811:16)
    at listenInCluster (node:net:1859:12)
    at Server.listen (node:net:1947:7)
    at ExpressAdapter.listen (/media/deepak/Data1/work/slack-facebook-integration/node_modules/@nestjs/platform-express/adapters/express-adapter.js:127:32)
    at /media/deepak/Data1/work/slack-facebook-integration/node_modules/@nestjs/core/nest-application.js:188:30
    at new Promise (<anonymous>)
    at NestApplication.listen (/media/deepak/Data1/work/slack-facebook-integration/node_modules/@nestjs/core/nest-application.js:178:16)
    at process.processTicksAndRejections (node:internal/process/task_queues:95:5)
    at bootstrap (/media/deepak/Data1/work/slack-facebook-integration/src/main.ts:25:3) {
  code: 'EADDRINUSE',
  errno: -98,
  syscall: 'listen',
  address: '::',
  port: 3000
}

Node.js v18.19.1
[2J[3J[H[[90m9:19:10 PM[0m] File change detected. Starting incremental compilation...

[[90m9:19:11 PM[0m] Found 0 errors. Watching for file changes.

[2J[3J[H[[90m9:19:13 PM[0m] File change detected. Starting incremental compilation...

[[90m9:19:15 PM[0m] Found 0 errors. Watching for file changes.

[21:20:06.957] INFO (47975): Starting Nest application... {"context":"NestFactory"}
[21:20:06.958] INFO (47975): AppModule dependencies initialized {"context":"InstanceLoader"}
[21:20:06.959] INFO (47975): MongooseModule dependencies initialized {"context":"InstanceLoader"}
[21:20:06.959] INFO (47975): ConfigHostModule dependencies initialized {"context":"InstanceLoader"}
[21:20:06.959] INFO (47975): ConfigModule dependencies initialized {"context":"InstanceLoader"}
[21:20:06.959] INFO (47975): ConfigModule dependencies initialized {"context":"InstanceLoader"}
[21:20:06.959] INFO (47975): LoggerModule dependencies initialized {"context":"InstanceLoader"}
[21:20:06.959] INFO (47975): ClientsModule dependencies initialized {"context":"InstanceLoader"}
[21:20:06.959] INFO (47975): SlackModule dependencies initialized {"context":"InstanceLoader"}
[21:20:06.959] INFO (47975): FacebookModule dependencies initialized {"context":"InstanceLoader"}
[21:20:06.959] INFO (47975): MongooseCoreModule dependencies initialized {"context":"InstanceLoader"}
[21:20:06.959] INFO (47975): MongooseModule dependencies initialized {"context":"InstanceLoader"}
[21:20:06.959] INFO (47975): WorkerModule dependencies initialized {"context":"InstanceLoader"}
[21:20:06.959] WARN (47975): WARN [undefined] KafkaJS v2.0.0 switched default partitioner. To retain the same partitioning behavior as in previous versions, create the producer with the option "createPartitioner: Partitioners.LegacyPartitioner". See the migration guide at https://kafka.js.org/docs/migration-guide-v2.0.0#producer-new-default-partitioner for details. Silence this warning by setting the environment variable "KAFKAJS_NO_PARTITIONER_WARNING=1" {"timestamp":"2025-12-14T15:49:18.488Z","logger":"kafkajs"} {"context":"ServerKafka"}
[21:20:06.959] INFO (47975): INFO [Consumer] Starting {"timestamp":"2025-12-14T15:49:18.535Z","logger":"kafkajs","groupId":"facebook-consumer-group-server"} {"context":"ServerKafka"}
[21:20:06.960] ERROR (47975): ERROR [Connection] Response SyncGroup(key: 14, version: 3) {"timestamp":"2025-12-14T15:50:06.567Z","logger":"kafkajs","broker":"127.0.0.1:9093","clientId":"nestjs-consumer-server","error":"The group is rebalancing, so a rejoin is needed","correlationId":5,"size":14} {"context":"ServerKafka"}
[21:20:06.960] INFO (47975): INFO [ConsumerGroup] Consumer has joined the group {"timestamp":"2025-12-14T15:50:06.954Z","logger":"kafkajs","groupId":"facebook-consumer-group-server","memberId":"nestjs-consumer-server-4eb1b69b-e932-42fc-8d52-b61fb445c4f2","leaderId":"nestjs-consumer-server-4eb1b69b-e932-42fc-8d52-b61fb445c4f2","isLeader":true,"memberAssignment":{},"groupProtocol":"RoundRobinAssigner","duration":48416} {"context":"ServerKafka"}
[21:20:06.960] INFO (47975): Nest microservice successfully started {"context":"NestMicroservice"}
[21:20:06.987] INFO (47975): FacebookController {/webhook}: {"context":"RoutesResolver"}
[21:20:06.992] INFO (47975): Mapped {/webhook, GET} route {"context":"RouterExplorer"}
[21:20:06.993] INFO (47975): Mapped {/webhook, POST} route {"context":"RouterExplorer"}
[21:20:06.993] INFO (47975): WorkerController {/}: {"context":"RoutesResolver"}
[21:20:07.000] INFO (47975): Nest application successfully started {"context":"NestApplication"}
[21:20:37.007] ERROR (47975): ERROR [Connection] Response Heartbeat(key: 12, version: 3) {"timestamp":"2025-12-14T15:50:37.007Z","logger":"kafkajs","broker":"127.0.0.1:9093","clientId":"nestjs-consumer-server","error":"The group is rebalancing, so a rejoin is needed","correlationId":15,"size":10} {"context":"ServerKafka"}
[21:20:37.008] WARN (47975): WARN [Runner] The group is rebalancing, re-joining {"timestamp":"2025-12-14T15:50:37.008Z","logger":"kafkajs","groupId":"facebook-consumer-group-server","memberId":"nestjs-consumer-server-4eb1b69b-e932-42fc-8d52-b61fb445c4f2","error":"The group is rebalancing, so a rejoin is needed"} {"context":"ServerKafka"}
[21:20:37.023] INFO (47975): INFO [ConsumerGroup] Consumer has joined the group {"timestamp":"2025-12-14T15:50:37.023Z","logger":"kafkajs","groupId":"facebook-consumer-group-server","memberId":"nestjs-consumer-server-4eb1b69b-e932-42fc-8d52-b61fb445c4f2","leaderId":"nestjs-consumer-server-4eb1b69b-e932-42fc-8d52-b61fb445c4f2","isLeader":true,"memberAssignment":{"fb-messages":[0]},"groupProtocol":"RoundRobinAssigner","duration":15} {"context":"ServerKafka"}
[21:22:12.213] ERROR (47975): ERROR [Connection] Response Heartbeat(key: 12, version: 3) {"timestamp":"2025-12-14T15:52:12.213Z","logger":"kafkajs","broker":"127.0.0.1:9093","clientId":"nestjs-consumer-server","error":"The group is rebalancing, so a rejoin is needed","correlationId":40,"size":10} {"context":"ServerKafka"}
[21:22:12.214] WARN (47975): WARN [Runner] The group is rebalancing, re-joining {"timestamp":"2025-12-14T15:52:12.214Z","logger":"kafkajs","groupId":"facebook-consumer-group-server","memberId":"nestjs-consumer-server-4eb1b69b-e932-42fc-8d52-b61fb445c4f2","error":"The group is rebalancing, so a rejoin is needed"} {"context":"ServerKafka"}
[21:22:12.232] INFO (47975): INFO [ConsumerGroup] Consumer has joined the group {"timestamp":"2025-12-14T15:52:12.232Z","logger":"kafkajs","groupId":"facebook-consumer-group-server","memberId":"nestjs-consumer-server-4eb1b69b-e932-42fc-8d52-b61fb445c4f2","leaderId":"nestjs-consumer-server-4eb1b69b-e932-42fc-8d52-b61fb445c4f2","isLeader":true,"memberAssignment":{"fb-messages":[0]},"groupProtocol":"RoundRobinAssigner","duration":18} {"context":"ServerKafka"}
[21:22:42.289] ERROR (47975): ERROR [Connection] Response Heartbeat(key: 12, version: 3) {"timestamp":"2025-12-14T15:52:42.289Z","logger":"kafkajs","broker":"127.0.0.1:9093","clientId":"nestjs-consumer-server","error":"The group is rebalancing, so a rejoin is needed","correlationId":52,"size":10} {"context":"ServerKafka"}
[21:22:42.289] WARN (47975): WARN [Runner] The group is rebalancing, re-joining {"timestamp":"2025-12-14T15:52:42.289Z","logger":"kafkajs","groupId":"facebook-consumer-group-server","memberId":"nestjs-consumer-server-4eb1b69b-e932-42fc-8d52-b61fb445c4f2","error":"The group is rebalancing, so a rejoin is needed"} {"context":"ServerKafka"}
[21:22:42.299] INFO (47975): INFO [ConsumerGroup] Consumer has joined the group {"timestamp":"2025-12-14T15:52:42.299Z","logger":"kafkajs","groupId":"facebook-consumer-group-server","memberId":"nestjs-consumer-server-4eb1b69b-e932-42fc-8d52-b61fb445c4f2","leaderId":"nestjs-consumer-server-4eb1b69b-e932-42fc-8d52-b61fb445c4f2","isLeader":true,"memberAssignment":{"fb-messages":[0]},"groupProtocol":"RoundRobinAssigner","duration":9} {"context":"ServerKafka"}
Killed
[2J[3J[H[[90m9:49:53 PM[0m] File change detected. Starting incremental compilation...

[[90m9:49:55 PM[0m] Found 0 errors. Watching for file changes.

[2J[3J[H[[90m9:50:14 PM[0m] File change detected. Starting incremental compilation...

[[90m9:50:15 PM[0m] Found 0 errors. Watching for file changes.

[2J[3J[H[[90m9:50:24 PM[0m] File change detected. Starting incremental compilation...

[[90m9:50:24 PM[0m] Found 0 errors. Watching for file changes.

[2J[3J[H[[90m9:50:28 PM[0m] File change detected. Starting incremental compilation...

[[90m9:50:29 PM[0m] Found 0 errors. Watching for file changes.

[2J[3J[H[[90m9:50:38 PM[0m] File change detected. Starting incremental compilation...

[[90m9:50:38 PM[0m] Found 0 errors. Watching for file changes.

[2J[3J[H[[90m9:50:47 PM[0m] File change detected. Starting incremental compilation...

[[90m9:50:47 PM[0m] Found 0 errors. Watching for file changes.

[2J[3J[H[[90m9:50:51 PM[0m] File change detected. Starting incremental compilation...

[[90m9:50:51 PM[0m] Found 0 errors. Watching for file changes.

[2J[3J[H[[90m9:51:13 PM[0m] File change detected. Starting incremental compilation...

[[90m9:51:13 PM[0m] Found 0 errors. Watching for file changes.

[2J[3J[H[[90m9:51:40 PM[0m] File change detected. Starting incremental compilation...

[[90m9:51:40 PM[0m] Found 0 errors. Watching for file changes.

[2J[3J[H[[90m9:51:47 PM[0m] File change detected. Starting incremental compilation...

[[90m9:51:47 PM[0m] Found 0 errors. Watching for file changes.

[2J[3J[H[[90m9:51:53 PM[0m] File change detected. Starting incremental compilation...

[[90m9:51:54 PM[0m] Found 0 errors. Watching for file changes.

[2J[3J[H[[90m9:51:57 PM[0m] File change detected. Starting incremental compilation...

[[90m9:51:57 PM[0m] Found 0 errors. Watching for file changes.

[2J[3J[H[[90m9:52:01 PM[0m] File change detected. Starting incremental compilation...

[[90m9:52:02 PM[0m] Found 0 errors. Watching for file changes.

[2J[3J[H[[90m9:52:05 PM[0m] File change detected. Starting incremental compilation...

[[90m9:52:06 PM[0m] Found 0 errors. Watching for file changes.

[2J[3J[H[[90m9:52:24 PM[0m] File change detected. Starting incremental compilation...

[[90m9:52:24 PM[0m] Found 0 errors. Watching for file changes.

[2J[3J[H[[90m9:52:51 PM[0m] File change detected. Starting incremental compilation...

[[90m9:52:52 PM[0m] Found 0 errors. Watching for file changes.

[2J[3J[H[[90m9:53:03 PM[0m] File change detected. Starting incremental compilation...

[[90m9:53:03 PM[0m] Found 0 errors. Watching for file changes.

[2J[3J[H[[90m9:53:20 PM[0m] File change detected. Starting incremental compilation...

[[90m9:53:21 PM[0m] Found 0 errors. Watching for file changes.

[21:54:07.435] INFO (64807): Starting Nest application... {"context":"NestFactory"}
[21:54:07.436] INFO (64807): AppModule dependencies initialized {"context":"InstanceLoader"}
[21:54:07.436] INFO (64807): MongooseModule dependencies initialized {"context":"InstanceLoader"}
[21:54:07.436] INFO (64807): ConfigHostModule dependencies initialized {"context":"InstanceLoader"}
[21:54:07.436] INFO (64807): ConfigModule dependencies initialized {"context":"InstanceLoader"}
[21:54:07.437] INFO (64807): ConfigModule dependencies initialized {"context":"InstanceLoader"}
[21:54:07.437] INFO (64807): LoggerModule dependencies initialized {"context":"InstanceLoader"}
[21:54:07.437] INFO (64807): ClientsModule dependencies initialized {"context":"InstanceLoader"}
[21:54:07.437] INFO (64807): SlackModule dependencies initialized {"context":"InstanceLoader"}
[21:54:07.437] INFO (64807): FacebookModule dependencies initialized {"context":"InstanceLoader"}
[21:54:07.437] INFO (64807): MongooseCoreModule dependencies initialized {"context":"InstanceLoader"}
[21:54:07.437] INFO (64807): MongooseModule dependencies initialized {"context":"InstanceLoader"}
[21:54:07.437] INFO (64807): WorkerModule dependencies initialized {"context":"InstanceLoader"}
[21:54:07.437] WARN (64807): WARN [undefined] KafkaJS v2.0.0 switched default partitioner. To retain the same partitioning behavior as in previous versions, create the producer with the option "createPartitioner: Partitioners.LegacyPartitioner". See the migration guide at https://kafka.js.org/docs/migration-guide-v2.0.0#producer-new-default-partitioner for details. Silence this warning by setting the environment variable "KAFKAJS_NO_PARTITIONER_WARNING=1" {"timestamp":"2025-12-14T16:23:24.336Z","logger":"kafkajs"} {"context":"ServerKafka"}
[21:54:07.438] INFO (64807): INFO [Consumer] Starting {"timestamp":"2025-12-14T16:23:24.391Z","logger":"kafkajs","groupId":"facebook-consumer-group-server"} {"context":"ServerKafka"}
[21:54:07.439] ERROR (64807): ERROR [Connection] Response SyncGroup(key: 14, version: 3) {"timestamp":"2025-12-14T16:24:07.065Z","logger":"kafkajs","broker":"127.0.0.1:9093","clientId":"nestjs-consumer-server","error":"The group is rebalancing, so a rejoin is needed","correlationId":5,"size":14} {"context":"ServerKafka"}
[21:54:07.439] INFO (64807): INFO [ConsumerGroup] Consumer has joined the group {"timestamp":"2025-12-14T16:24:07.432Z","logger":"kafkajs","groupId":"facebook-consumer-group-server","memberId":"nestjs-consumer-server-86bbd8ee-c47e-4287-bbbd-d32c065dd528","leaderId":"nestjs-consumer-server-43add529-bd58-4a94-9573-db355e494bbf","isLeader":false,"memberAssignment":{},"groupProtocol":"RoundRobinAssigner","duration":43039} {"context":"ServerKafka"}
[21:54:07.439] INFO (64807): Nest microservice successfully started {"context":"NestMicroservice"}
[21:54:07.463] INFO (64807): FacebookController {/webhook}: {"context":"RoutesResolver"}
[21:54:07.468] INFO (64807): Mapped {/webhook, GET} route {"context":"RouterExplorer"}
[21:54:07.469] INFO (64807): Mapped {/webhook, POST} route {"context":"RouterExplorer"}
[21:54:07.469] INFO (64807): WorkerController {/}: {"context":"RoutesResolver"}
[21:54:07.478] INFO (64807): Nest application successfully started {"context":"NestApplication"}
[21:54:07.489] ERROR (64807): Error: listen EADDRINUSE: address already in use :::3000 {"context":"NestApplication"}
node:internal/errors:496
    ErrorCaptureStackTrace(err);
    ^

Error: listen EADDRINUSE: address already in use :::3000
    at __node_internal_captureLargerStackTrace (node:internal/errors:496:5)
    at __node_internal_uvExceptionWithHostPort (node:internal/errors:593:12)
    at Server.setupListenHandle [as _listen2] (node:net:1811:16)
    at listenInCluster (node:net:1859:12)
    at Server.listen (node:net:1947:7)
    at ExpressAdapter.listen (/media/deepak/Data1/work/slack-facebook-integration/node_modules/@nestjs/platform-express/adapters/express-adapter.js:127:32)
    at /media/deepak/Data1/work/slack-facebook-integration/node_modules/@nestjs/core/nest-application.js:188:30
    at new Promise (<anonymous>)
    at NestApplication.listen (/media/deepak/Data1/work/slack-facebook-integration/node_modules/@nestjs/core/nest-application.js:178:16)
    at process.processTicksAndRejections (node:internal/process/task_queues:95:5)
    at bootstrap (/media/deepak/Data1/work/slack-facebook-integration/src/main.ts:26:3) {
  code: 'EADDRINUSE',
  errno: -98,
  syscall: 'listen',
  address: '::',
  port: 3000
}

Node.js v18.19.1
[2J[3J[H[[90m9:54:11 PM[0m] File change detected. Starting incremental compilation...

[[90m9:54:11 PM[0m] Found 0 errors. Watching for file changes.

[2J[3J[H[[90m9:54:17 PM[0m] File change detected. Starting incremental compilation...

[[90m9:54:18 PM[0m] Found 0 errors. Watching for file changes.

[2J[3J[H[[90m9:54:37 PM[0m] File change detected. Starting incremental compilation...

[[90m9:54:38 PM[0m] Found 0 errors. Watching for file changes.

[21:55:11.684] INFO (66740): Starting Nest application... {"context":"NestFactory"}
[21:55:11.685] INFO (66740): AppModule dependencies initialized {"context":"InstanceLoader"}
[21:55:11.685] INFO (66740): MongooseModule dependencies initialized {"context":"InstanceLoader"}
[21:55:11.685] INFO (66740): ConfigHostModule dependencies initialized {"context":"InstanceLoader"}
[21:55:11.685] INFO (66740): ConfigModule dependencies initialized {"context":"InstanceLoader"}
[21:55:11.685] INFO (66740): ConfigModule dependencies initialized {"context":"InstanceLoader"}
[21:55:11.685] INFO (66740): LoggerModule dependencies initialized {"context":"InstanceLoader"}
[21:55:11.685] INFO (66740): ClientsModule dependencies initialized {"context":"InstanceLoader"}
[21:55:11.686] INFO (66740): SlackModule dependencies initialized {"context":"InstanceLoader"}
[21:55:11.686] INFO (66740): FacebookModule dependencies initialized {"context":"InstanceLoader"}
[21:55:11.686] INFO (66740): MongooseCoreModule dependencies initialized {"context":"InstanceLoader"}
[21:55:11.686] INFO (66740): MongooseModule dependencies initialized {"context":"InstanceLoader"}
[21:55:11.686] INFO (66740): WorkerModule dependencies initialized {"context":"InstanceLoader"}
[21:55:11.686] WARN (66740): WARN [undefined] KafkaJS v2.0.0 switched default partitioner. To retain the same partitioning behavior as in previous versions, create the producer with the option "createPartitioner: Partitioners.LegacyPartitioner". See the migration guide at https://kafka.js.org/docs/migration-guide-v2.0.0#producer-new-default-partitioner for details. Silence this warning by setting the environment variable "KAFKAJS_NO_PARTITIONER_WARNING=1" {"timestamp":"2025-12-14T16:24:41.563Z","logger":"kafkajs"} {"context":"ServerKafka"}
[21:55:11.686] INFO (66740): INFO [Consumer] Starting {"timestamp":"2025-12-14T16:24:41.717Z","logger":"kafkajs","groupId":"facebook-consumer-group-server"} {"context":"ServerKafka"}
[21:55:11.686] INFO (66740): INFO [ConsumerGroup] Consumer has joined the group {"timestamp":"2025-12-14T16:25:11.681Z","logger":"kafkajs","groupId":"facebook-consumer-group-server","memberId":"nestjs-consumer-server-68ac2f8e-a738-4b12-a575-960ef2aabc96","leaderId":"nestjs-consumer-server-68ac2f8e-a738-4b12-a575-960ef2aabc96","isLeader":true,"memberAssignment":{},"groupProtocol":"RoundRobinAssigner","duration":29962} {"context":"ServerKafka"}
[21:55:11.686] INFO (66740): Nest microservice successfully started {"context":"NestMicroservice"}
[21:55:11.720] INFO (66740): FacebookController {/webhook}: {"context":"RoutesResolver"}
[21:55:11.733] INFO (66740): Mapped {/webhook, GET} route {"context":"RouterExplorer"}
[21:55:11.735] INFO (66740): Mapped {/webhook, POST} route {"context":"RouterExplorer"}
[21:55:11.735] INFO (66740): WorkerController {/}: {"context":"RoutesResolver"}
[21:55:11.756] INFO (66740): Nest application successfully started {"context":"NestApplication"}
[21:55:11.783] ERROR (66740): Error: listen EADDRINUSE: address already in use :::3000 {"context":"NestApplication"}
node:internal/errors:496
    ErrorCaptureStackTrace(err);
    ^

Error: listen EADDRINUSE: address already in use :::3000
    at __node_internal_captureLargerStackTrace (node:internal/errors:496:5)
    at __node_internal_uvExceptionWithHostPort (node:internal/errors:593:12)
    at Server.setupListenHandle [as _listen2] (node:net:1811:16)
    at listenInCluster (node:net:1859:12)
    at Server.listen (node:net:1947:7)
    at ExpressAdapter.listen (/media/deepak/Data1/work/slack-facebook-integration/node_modules/@nestjs/platform-express/adapters/express-adapter.js:127:32)
    at /media/deepak/Data1/work/slack-facebook-integration/node_modules/@nestjs/core/nest-application.js:188:30
    at new Promise (<anonymous>)
    at NestApplication.listen (/media/deepak/Data1/work/slack-facebook-integration/node_modules/@nestjs/core/nest-application.js:178:16)
    at process.processTicksAndRejections (node:internal/process/task_queues:95:5)
    at bootstrap (/media/deepak/Data1/work/slack-facebook-integration/src/main.ts:26:3) {
  code: 'EADDRINUSE',
  errno: -98,
  syscall: 'listen',
  address: '::',
  port: 3000
}

Node.js v18.19.1
[2J[3J[H[[90m9:55:36 PM[0m] File change detected. Starting incremental compilation...

[[90m9:55:37 PM[0m] Found 0 errors. Watching for file changes.

[2J[3J[H[[90m9:55:49 PM[0m] File change detected. Starting incremental compilation...

[[90m9:55:49 PM[0m] Found 0 errors. Watching for file changes.

[2J[3J[H[[90m9:56:33 PM[0m] File change detected. Starting incremental compilation...

[[90m9:56:33 PM[0m] Found 0 errors. Watching for file changes.

[2J[3J[H[[90m9:56:43 PM[0m] File change detected. Starting incremental compilation...

[[90m9:56:43 PM[0m] Found 0 errors. Watching for file changes.

[2J[3J[H[[90m9:57:06 PM[0m] File change detected. Starting incremental compilation...

[[90m9:57:07 PM[0m] Found 0 errors. Watching for file changes.

[2J[3J[H[[90m9:57:16 PM[0m] File change detected. Starting incremental compilation...

[[90m9:57:17 PM[0m] Found 0 errors. Watching for file changes.

[2J[3J[H[[90m9:57:38 PM[0m] File change detected. Starting incremental compilation...

[[90m9:57:38 PM[0m] Found 0 errors. Watching for file changes.

[21:58:10.553] INFO (71501): Starting Nest application... {"context":"NestFactory"}
[21:58:10.554] INFO (71501): AppModule dependencies initialized {"context":"InstanceLoader"}
[21:58:10.554] INFO (71501): MongooseModule dependencies initialized {"context":"InstanceLoader"}
[21:58:10.554] INFO (71501): ConfigHostModule dependencies initialized {"context":"InstanceLoader"}
[21:58:10.554] INFO (71501): ConfigModule dependencies initialized {"context":"InstanceLoader"}
[21:58:10.554] INFO (71501): ConfigModule dependencies initialized {"context":"InstanceLoader"}
[21:58:10.554] INFO (71501): LoggerModule dependencies initialized {"context":"InstanceLoader"}
[21:58:10.554] INFO (71501): ClientsModule dependencies initialized {"context":"InstanceLoader"}
[21:58:10.554] INFO (71501): SlackModule dependencies initialized {"context":"InstanceLoader"}
[21:58:10.554] INFO (71501): FacebookModule dependencies initialized {"context":"InstanceLoader"}
[21:58:10.554] INFO (71501): MongooseCoreModule dependencies initialized {"context":"InstanceLoader"}
[21:58:10.554] INFO (71501): MongooseModule dependencies initialized {"context":"InstanceLoader"}
[21:58:10.554] INFO (71501): WorkerModule dependencies initialized {"context":"InstanceLoader"}
[21:58:10.555] WARN (71501): WARN [undefined] KafkaJS v2.0.0 switched default partitioner. To retain the same partitioning behavior as in previous versions, create the producer with the option "createPartitioner: Partitioners.LegacyPartitioner". See the migration guide at https://kafka.js.org/docs/migration-guide-v2.0.0#producer-new-default-partitioner for details. Silence this warning by setting the environment variable "KAFKAJS_NO_PARTITIONER_WARNING=1" {"timestamp":"2025-12-14T16:27:41.799Z","logger":"kafkajs"} {"context":"ServerKafka"}
[21:58:10.555] INFO (71501): INFO [Consumer] Starting {"timestamp":"2025-12-14T16:27:41.962Z","logger":"kafkajs","groupId":"facebook-consumer-group-server"} {"context":"ServerKafka"}
[21:58:10.555] INFO (71501): INFO [ConsumerGroup] Consumer has joined the group {"timestamp":"2025-12-14T16:28:10.550Z","logger":"kafkajs","groupId":"facebook-consumer-group-server","memberId":"nestjs-consumer-server-2201b3bd-6960-4b9e-af53-efd65cf1673a","leaderId":"nestjs-consumer-server-2201b3bd-6960-4b9e-af53-efd65cf1673a","isLeader":true,"memberAssignment":{},"groupProtocol":"RoundRobinAssigner","duration":28586} {"context":"ServerKafka"}
[21:58:10.555] INFO (71501): Nest microservice successfully started {"context":"NestMicroservice"}
[21:58:10.593] INFO (71501): FacebookController {/webhook}: {"context":"RoutesResolver"}
[21:58:10.598] INFO (71501): Mapped {/webhook, GET} route {"context":"RouterExplorer"}
[21:58:10.599] INFO (71501): Mapped {/webhook, POST} route {"context":"RouterExplorer"}
[21:58:10.600] INFO (71501): WorkerController {/}: {"context":"RoutesResolver"}
[21:58:10.606] INFO (71501): Nest application successfully started {"context":"NestApplication"}
[21:58:10.618] ERROR (71501): Error: listen EADDRINUSE: address already in use :::3000 {"context":"NestApplication"}
node:internal/errors:496
    ErrorCaptureStackTrace(err);
    ^

Error: listen EADDRINUSE: address already in use :::3000
    at __node_internal_captureLargerStackTrace (node:internal/errors:496:5)
    at __node_internal_uvExceptionWithHostPort (node:internal/errors:593:12)
    at Server.setupListenHandle [as _listen2] (node:net:1811:16)
    at listenInCluster (node:net:1859:12)
    at Server.listen (node:net:1947:7)
    at ExpressAdapter.listen (/media/deepak/Data1/work/slack-facebook-integration/node_modules/@nestjs/platform-express/adapters/express-adapter.js:127:32)
    at /media/deepak/Data1/work/slack-facebook-integration/node_modules/@nestjs/core/nest-application.js:188:30
    at new Promise (<anonymous>)
    at NestApplication.listen (/media/deepak/Data1/work/slack-facebook-integration/node_modules/@nestjs/core/nest-application.js:178:16)
    at process.processTicksAndRejections (node:internal/process/task_queues:95:5)
    at bootstrap (/media/deepak/Data1/work/slack-facebook-integration/src/main.ts:26:3) {
  code: 'EADDRINUSE',
  errno: -98,
  syscall: 'listen',
  address: '::',
  port: 3000
}

Node.js v18.19.1
[2J[3J[H[[90m4:06:51 PM[0m] File change detected. Starting incremental compilation...

[96msrc/main.ts[0m:[93m1[0m:[93m12[0m - [91merror[0m[90m TS1005: [0m';' expected.

[7m1[0m curl -i -X POST  "https://e5207c174b18.ngrok-free.app/webhook"  -H "Content-Type: application/json"  -d `{"object": "page","entry": [{  "id": "1234567890123456","time": 1734267600000,"messaging": [{ "sender": {"id": "9876543210987654"}, "recipient": {"id": "1234567890123456"}, "timestamp": 1734267600000, "message": {"mid": "m_abcdefghij_012345", "text": "This message proves the POST handler works!" }  }]}] }`
[7m [0m [91m           ~~~~[0m

[96msrc/main.ts[0m:[93m1[0m:[93m68[0m - [91merror[0m[90m TS1005: [0m';' expected.

[7m1[0m curl -i -X POST  "https://e5207c174b18.ngrok-free.app/webhook"  -H "Content-Type: application/json"  -d `{"object": "page","entry": [{  "id": "1234567890123456","time": 1734267600000,"messaging": [{ "sender": {"id": "9876543210987654"}, "recipient": {"id": "1234567890123456"}, "timestamp": 1734267600000, "message": {"mid": "m_abcdefghij_012345", "text": "This message proves the POST handler works!" }  }]}] }`
[7m [0m [91m                                                                   ~~~~~~~~~~~~~~~~~~~~~~~~~~~~~~~~[0m

[96msrc/main.ts[0m:[93m3[0m:[93m12[0m - [91merror[0m[90m TS1005: [0m';' expected.

[7m3[0m curl -i -X POST "https://e5207c174b18.ngrok-free.app/webhook" -H "Content-Type: application/json" -d "{\"object\":\"page\",\"entry\":[{\"id\":\"1234567890123456\",\"time\":1734267600000,\"messaging\":[{\"sender\":{\"id\":\"9876543210987654\"},\"recipient\":{\"id\":\"1234567890123456\"},\"timestamp\":1734267600000,\"message\":{\"mid\":\"m_abcdefghij_012345\",\"text\":\"Test message sent successfully\"}}]}]}"
[7m [0m [91m           ~~~~[0m

[96msrc/main.ts[0m:[93m3[0m:[93m66[0m - [91merror[0m[90m TS1005: [0m';' expected.

[7m3[0m curl -i -X POST "https://e5207c174b18.ngrok-free.app/webhook" -H "Content-Type: application/json" -d "{\"object\":\"page\",\"entry\":[{\"id\":\"1234567890123456\",\"time\":1734267600000,\"messaging\":[{\"sender\":{\"id\":\"9876543210987654\"},\"recipient\":{\"id\":\"1234567890123456\"},\"timestamp\":1734267600000,\"message\":{\"mid\":\"m_abcdefghij_012345\",\"text\":\"Test message sent successfully\"}}]}]}"
[7m [0m [91m                                                                 ~~~~~~~~~~~~~~~~~~~~~~~~~~~~~~~~[0m

[96msrc/main.ts[0m:[93m3[0m:[93m102[0m - [91merror[0m[90m TS1005: [0m';' expected.

[7m3[0m curl -i -X POST "https://e5207c174b18.ngrok-free.app/webhook" -H "Content-Type: application/json" -d "{\"object\":\"page\",\"entry\":[{\"id\":\"1234567890123456\",\"time\":1734267600000,\"messaging\":[{\"sender\":{\"id\":\"9876543210987654\"},\"recipient\":{\"id\":\"1234567890123456\"},\"timestamp\":1734267600000,\"message\":{\"mid\":\"m_abcdefghij_012345\",\"text\":\"Test message sent successfully\"}}]}]}"
[7m [0m [91m                                                                                                     ~~~~~~~~~~~~~~~~~~~~~~~~~~~~~~~~~~~~~~~~~~~~~~~~~~~~~~~~~~~~~~~~~~~~~~~~~~~~~~~~~~~~~~~~~~~~~~~~~~~~~~~~~~~~~~~~~~~~~~~~~~~~~~~~~~~~~~~~~~~~~~~~~~~~~~~~~~~~~~~~~~~~~~~~~~~~~~~~~~~~~~~~~~~~~~~~~~~~~~~~~~~~~~~~~~~~~~~~~~~~~~~~~~~~~~~~~~~~~~~~~~~~~~~~~~~~~~~~~~~~~~~~~~~~~~~~~~~~~~~~~~~~~~~~~~~~~~~~~~~~~~~~~~~~~[0m

[[90m4:06:55 PM[0m] Found 5 errors. Watching for file changes.

[2J[3J[H[[90m4:06:55 PM[0m] File change detected. Starting incremental compilation...

[[90m4:06:57 PM[0m] Found 0 errors. Watching for file changes.

Application is running on: http://localhost:3000
[16:07:25.066] INFO (91888): Starting Nest application... {"context":"NestFactory"}
[16:07:25.068] INFO (91888): AppModule dependencies initialized {"context":"InstanceLoader"}
[16:07:25.068] INFO (91888): MongooseModule dependencies initialized {"context":"InstanceLoader"}
[16:07:25.068] INFO (91888): ConfigHostModule dependencies initialized {"context":"InstanceLoader"}
[16:07:25.068] INFO (91888): ConfigModule dependencies initialized {"context":"InstanceLoader"}
[16:07:25.068] INFO (91888): ConfigModule dependencies initialized {"context":"InstanceLoader"}
[16:07:25.068] INFO (91888): LoggerModule dependencies initialized {"context":"InstanceLoader"}
[16:07:25.068] INFO (91888): ClientsModule dependencies initialized {"context":"InstanceLoader"}
[16:07:25.068] INFO (91888): SlackModule dependencies initialized {"context":"InstanceLoader"}
[16:07:25.068] INFO (91888): FacebookModule dependencies initialized {"context":"InstanceLoader"}
[16:07:25.068] INFO (91888): MongooseCoreModule dependencies initialized {"context":"InstanceLoader"}
[16:07:25.068] INFO (91888): MongooseModule dependencies initialized {"context":"InstanceLoader"}
[16:07:25.068] INFO (91888): WorkerModule dependencies initialized {"context":"InstanceLoader"}
[16:07:25.069] WARN (91888): WARN [undefined] KafkaJS v2.0.0 switched default partitioner. To retain the same partitioning behavior as in previous versions, create the producer with the option "createPartitioner: Partitioners.LegacyPartitioner". See the migration guide at https://kafka.js.org/docs/migration-guide-v2.0.0#producer-new-default-partitioner for details. Silence this warning by setting the environment variable "KAFKAJS_NO_PARTITIONER_WARNING=1" {"timestamp":"2025-12-15T10:37:00.031Z","logger":"kafkajs"} {"context":"ServerKafka"}
[16:07:25.069] INFO (91888): INFO [Consumer] Starting {"timestamp":"2025-12-15T10:37:00.061Z","logger":"kafkajs","groupId":"facebook-consumer-group-server"} {"context":"ServerKafka"}
[16:07:25.069] INFO (91888): INFO [ConsumerGroup] Consumer has joined the group {"timestamp":"2025-12-15T10:37:25.064Z","logger":"kafkajs","groupId":"facebook-consumer-group-server","memberId":"nestjs-consumer-server-63577c99-1c7b-4a1b-8cc6-d58a59a2a3be","leaderId":"nestjs-consumer-server-1c855466-0692-44f5-a6ab-f6452ff2f29e","isLeader":false,"memberAssignment":{},"groupProtocol":"RoundRobinAssigner","duration":25001} {"context":"ServerKafka"}
[16:07:25.069] INFO (91888): Nest microservice successfully started {"context":"NestMicroservice"}
[16:07:25.094] INFO (91888): FacebookController {/webhook}: {"context":"RoutesResolver"}
[16:07:25.099] INFO (91888): Mapped {/webhook, GET} route {"context":"RouterExplorer"}
[16:07:25.100] INFO (91888): Mapped {/webhook, POST} route {"context":"RouterExplorer"}
[16:07:25.100] INFO (91888): WorkerController {/}: {"context":"RoutesResolver"}
[16:07:25.107] INFO (91888): Nest application successfully started {"context":"NestApplication"}
[16:07:41.144] INFO (91888): request completed {"req":{"id":"b2ae78ed-3546-4569-bd68-760ba1c03adb","method":"POST","url":"/webhook","query":{},"params":{"path":["webhook"]},"headers":{"host":"localhost:3000","user-agent":"curl/8.5.0","accept":"*/*","content-type":"application/json","x-hub-signature-256":"sha256=invalid","content-length":"17"},"remoteAddress":"::1","remotePort":41250},"res":{"statusCode":400,"headers":{"x-powered-by":"Express","content-type":"application/json; charset=utf-8","content-length":"77","etag":"W/\"4d-t477RB5ktRznYx/225XKUsmR9ho\""}},"responseTime":49}
[16:07:55.097] ERROR (91888): ERROR [Connection] Response Heartbeat(key: 12, version: 3) {"timestamp":"2025-12-15T10:37:55.096Z","logger":"kafkajs","broker":"127.0.0.1:9093","clientId":"nestjs-consumer-server","error":"The group is rebalancing, so a rejoin is needed","correlationId":11,"size":10} {"context":"ServerKafka"}
[16:07:55.097] WARN (91888): WARN [Runner] The group is rebalancing, re-joining {"timestamp":"2025-12-15T10:37:55.097Z","logger":"kafkajs","groupId":"facebook-consumer-group-server","memberId":"nestjs-consumer-server-63577c99-1c7b-4a1b-8cc6-d58a59a2a3be","error":"The group is rebalancing, so a rejoin is needed"} {"context":"ServerKafka"}
[16:07:55.110] INFO (91888): INFO [ConsumerGroup] Consumer has joined the group {"timestamp":"2025-12-15T10:37:55.110Z","logger":"kafkajs","groupId":"facebook-consumer-group-server","memberId":"nestjs-consumer-server-63577c99-1c7b-4a1b-8cc6-d58a59a2a3be","leaderId":"nestjs-consumer-server-63577c99-1c7b-4a1b-8cc6-d58a59a2a3be","isLeader":true,"memberAssignment":{"fb-messages":[0]},"groupProtocol":"RoundRobinAssigner","duration":13} {"context":"ServerKafka"}
[16:07:58.813] ERROR (91888): Signature validation failed: Hash mismatch {"req":{"id":"7a409133-5ff7-423c-b043-43c85669c487","method":"POST","url":"/webhook","query":{},"params":{"path":["webhook"]},"headers":{"host":"localhost:3000","user-agent":"curl/8.5.0","accept":"*/*","content-type":"application/json","x-hub-signature-256":"sha256=invalid","content-length":"30"},"remoteAddress":"::1","remotePort":42358},"context":"FacebookService"}
[16:07:58.814] INFO (91888): request completed {"req":{"id":"7a409133-5ff7-423c-b043-43c85669c487","method":"POST","url":"/webhook","query":{},"params":{"path":["webhook"]},"headers":{"host":"localhost:3000","user-agent":"curl/8.5.0","accept":"*/*","content-type":"application/json","x-hub-signature-256":"sha256=invalid","content-length":"30"},"remoteAddress":"::1","remotePort":42358},"res":{"statusCode":403,"headers":{"x-powered-by":"Express","content-type":"application/json; charset=utf-8","content-length":"48","etag":"W/\"30-KXVbsf1DRpbz7kOSFxW+aTtkUj0\""}},"responseTime":3}
[16:08:41.483] ERROR (91888): Signature validation failed: Missing signature {"req":{"id":"f595a98c-da45-4cf8-b4ca-05de255679ef","method":"POST","url":"/webhook","query":{},"params":{"path":["webhook"]},"headers":{"host":"e5207c174b18.ngrok-free.app","user-agent":"curl/8.5.0","content-length":"269","accept":"*/*","content-type":"application/json","x-forwarded-for":"2405:201:8:a109:c4c0:cd9e:17d2:a7c","x-forwarded-host":"e5207c174b18.ngrok-free.app","x-forwarded-proto":"https","accept-encoding":"gzip"},"remoteAddress":"::ffff:127.0.0.1","remotePort":37836},"context":"FacebookService"}
[16:08:41.484] INFO (91888): request completed {"req":{"id":"f595a98c-da45-4cf8-b4ca-05de255679ef","method":"POST","url":"/webhook","query":{},"params":{"path":["webhook"]},"headers":{"host":"e5207c174b18.ngrok-free.app","user-agent":"curl/8.5.0","content-length":"269","accept":"*/*","content-type":"application/json","x-forwarded-for":"2405:201:8:a109:c4c0:cd9e:17d2:a7c","x-forwarded-host":"e5207c174b18.ngrok-free.app","x-forwarded-proto":"https","accept-encoding":"gzip"},"remoteAddress":"::ffff:127.0.0.1","remotePort":37836},"res":{"statusCode":403,"headers":{"x-powered-by":"Express","content-type":"application/json; charset=utf-8","content-length":"48","etag":"W/\"30-KXVbsf1DRpbz7kOSFxW+aTtkUj0\""}},"responseTime":5}
[2J[3J[H[[90m4:10:11 PM[0m] File change detected. Starting incremental compilation...

[[90m4:10:11 PM[0m] Found 0 errors. Watching for file changes.

[16:10:40.284] INFO (93610): Starting Nest application... {"context":"NestFactory"}
[16:10:40.286] INFO (93610): AppModule dependencies initialized {"context":"InstanceLoader"}
[16:10:40.286] INFO (93610): MongooseModule dependencies initialized {"context":"InstanceLoader"}
[16:10:40.286] INFO (93610): ConfigHostModule dependencies initialized {"context":"InstanceLoader"}
[16:10:40.286] INFO (93610): ConfigModule dependencies initialized {"context":"InstanceLoader"}
[16:10:40.286] INFO (93610): ConfigModule dependencies initialized {"context":"InstanceLoader"}
[16:10:40.286] INFO (93610): LoggerModule dependencies initialized {"context":"InstanceLoader"}
[16:10:40.286] INFO (93610): ClientsModule dependencies initialized {"context":"InstanceLoader"}
[16:10:40.286] INFO (93610): SlackModule dependencies initialized {"context":"InstanceLoader"}
[16:10:40.286] INFO (93610): FacebookModule dependencies initialized {"context":"InstanceLoader"}
[16:10:40.286] INFO (93610): MongooseCoreModule dependencies initialized {"context":"InstanceLoader"}
[16:10:40.286] INFO (93610): MongooseModule dependencies initialized {"context":"InstanceLoader"}
[16:10:40.286] INFO (93610): WorkerModule dependencies initialized {"context":"InstanceLoader"}
[16:10:40.287] WARN (93610): WARN [undefined] KafkaJS v2.0.0 switched default partitioner. To retain the same partitioning behavior as in previous versions, create the producer with the option "createPartitioner: Partitioners.LegacyPartitioner". See the migration guide at https://kafka.js.org/docs/migration-guide-v2.0.0#producer-new-default-partitioner for details. Silence this warning by setting the environment variable "KAFKAJS_NO_PARTITIONER_WARNING=1" {"timestamp":"2025-12-15T10:40:14.629Z","logger":"kafkajs"} {"context":"ServerKafka"}
[16:10:40.287] INFO (93610): INFO [Consumer] Starting {"timestamp":"2025-12-15T10:40:14.660Z","logger":"kafkajs","groupId":"facebook-consumer-group-server"} {"context":"ServerKafka"}
[16:10:40.287] INFO (93610): INFO [ConsumerGroup] Consumer has joined the group {"timestamp":"2025-12-15T10:40:40.281Z","logger":"kafkajs","groupId":"facebook-consumer-group-server","memberId":"nestjs-consumer-server-65b95427-e627-4e46-82c6-6cd6e4cc8c08","leaderId":"nestjs-consumer-server-b2afed3e-7216-41d5-94c0-c392be6d3575","isLeader":false,"memberAssignment":{},"groupProtocol":"RoundRobinAssigner","duration":25620} {"context":"ServerKafka"}
[16:10:40.287] INFO (93610): Nest microservice successfully started {"context":"NestMicroservice"}
[16:10:40.313] INFO (93610): FacebookController {/webhook}: {"context":"RoutesResolver"}
[16:10:40.317] INFO (93610): Mapped {/webhook, GET} route {"context":"RouterExplorer"}
[16:10:40.322] INFO (93610): Mapped {/webhook, POST} route {"context":"RouterExplorer"}
[16:10:40.323] INFO (93610): WorkerController {/}: {"context":"RoutesResolver"}
[16:10:40.334] INFO (93610): Nest application successfully started {"context":"NestApplication"}
[16:10:40.343] ERROR (93610): Error: listen EADDRINUSE: address already in use :::3000 {"context":"NestApplication"}
node:internal/errors:496
    ErrorCaptureStackTrace(err);
    ^

Error: listen EADDRINUSE: address already in use :::3000
    at __node_internal_captureLargerStackTrace (node:internal/errors:496:5)
    at __node_internal_uvExceptionWithHostPort (node:internal/errors:593:12)
    at Server.setupListenHandle [as _listen2] (node:net:1811:16)
    at listenInCluster (node:net:1859:12)
    at Server.listen (node:net:1947:7)
    at ExpressAdapter.listen (/media/deepak/Data1/work/slack-facebook-integration/node_modules/@nestjs/platform-express/adapters/express-adapter.js:127:32)
    at /media/deepak/Data1/work/slack-facebook-integration/node_modules/@nestjs/core/nest-application.js:188:30
    at new Promise (<anonymous>)
    at NestApplication.listen (/media/deepak/Data1/work/slack-facebook-integration/node_modules/@nestjs/core/nest-application.js:178:16)
    at process.processTicksAndRejections (node:internal/process/task_queues:95:5)
    at bootstrap (/media/deepak/Data1/work/slack-facebook-integration/src/main.ts:30:3) {
  code: 'EADDRINUSE',
  errno: -98,
  syscall: 'listen',
  address: '::',
  port: 3000
}

Node.js v18.19.1
